date,district,state,latitude,longitude,ndvi,cloud_cover,data_source
2024-10-01,Solapur,Maharashtra,17.6599,75.9064,0.47991710075337113,8.740359312352323,synthetic_climate_based
2024-10-02,Solapur,Maharashtra,17.6599,75.9064,0.4761454218216837,4.14901654066501,synthetic_climate_based
2024-10-03,Solapur,Maharashtra,17.6599,75.9064,0.49863791310918765,14.082688781305489,synthetic_climate_based
2024-10-04,Solapur,Maharashtra,17.6599,75.9064,0.5380899443817136,14.4666699848106,synthetic_climate_based
2024-10-05,Solapur,Maharashtra,17.6599,75.9064,0.5314584382373991,0.5970228747932854,synthetic_climate_based
2024-10-06,Solapur,Maharashtra,17.6599,75.9064,0.5360001055302869,11.587326142475783,synthetic_climate_based
2024-10-07,Solapur,Maharashtra,17.6599,75.9064,0.5510884308448769,9.831862161811522,synthetic_climate_based
2024-10-08,Solapur,Maharashtra,17.6599,75.9064,0.4748761596798913,14.132649394998005,synthetic_climate_based
2024-10-09,Solapur,Maharashtra,17.6599,75.9064,0.5065234079738524,6.8864270709463,synthetic_climate_based
2024-10-10,Solapur,Maharashtra,17.6599,75.9064,0.44500257536964494,8.896312031454302,synthetic_climate_based
2024-10-11,Solapur,Maharashtra,17.6599,75.9064,0.5056317061201983,3.0797789350961065,synthetic_climate_based
2024-10-12,Solapur,Maharashtra,17.6599,75.9064,0.45474421337795823,10.40868737387596,synthetic_climate_based
2024-10-13,Solapur,Maharashtra,17.6599,75.9064,0.39908090813675146,6.472596506847395,synthetic_climate_based
2024-10-14,Solapur,Maharashtra,17.6599,75.9064,0.4678283958276278,10.542368209048952,synthetic_climate_based
2024-10-15,Solapur,Maharashtra,17.6599,75.9064,0.5776087572733404,13.563003187947764,synthetic_climate_based
2024-10-16,Solapur,Maharashtra,17.6599,75.9064,0.5761955845856479,8.283664464379713,synthetic_climate_based
2024-10-17,Solapur,Maharashtra,17.6599,75.9064,0.3847504039380138,6.475322030177987,synthetic_climate_based
2024-10-18,Solapur,Maharashtra,17.6599,75.9064,0.4561640998917217,12.510067439394184,synthetic_climate_based
2024-10-19,Solapur,Maharashtra,17.6599,75.9064,0.40665632357420234,2.18233254793138,synthetic_climate_based
2024-10-20,Solapur,Maharashtra,17.6599,75.9064,0.46382201613225105,12.098705552803183,synthetic_climate_based
2024-10-21,Solapur,Maharashtra,17.6599,75.9064,0.4313496840867266,2.8064154691641914,synthetic_climate_based
2024-10-22,Solapur,Maharashtra,17.6599,75.9064,0.5239579196335413,7.782041357269783,synthetic_climate_based
2024-10-23,Solapur,Maharashtra,17.6599,75.9064,0.4379075595693125,2.1398506047745287,synthetic_climate_based
2024-10-24,Solapur,Maharashtra,17.6599,75.9064,0.43967352470394616,7.051649527350656,synthetic_climate_based
2024-10-25,Solapur,Maharashtra,17.6599,75.9064,0.3503457854698495,8.909998726060604,synthetic_climate_based
2024-10-26,Solapur,Maharashtra,17.6599,75.9064,0.45183326843892324,12.755842013084312,synthetic_climate_based
2024-10-27,Solapur,Maharashtra,17.6599,75.9064,0.4466242905221318,5.909023446315273,synthetic_climate_based
2024-10-28,Solapur,Maharashtra,17.6599,75.9064,0.34085286906943446,10.609207344291884,synthetic_climate_based
2024-10-29,Solapur,Maharashtra,17.6599,75.9064,0.5311502187207042,9.57054082548049,synthetic_climate_based
2024-10-30,Solapur,Maharashtra,17.6599,75.9064,0.45187923072429775,12.512468420158388,synthetic_climate_based
2024-10-31,Solapur,Maharashtra,17.6599,75.9064,0.5077340898706028,8.465406427594043,synthetic_climate_based
2024-11-01,Solapur,Maharashtra,17.6599,75.9064,0.4885368688734844,12.859966366605436,synthetic_climate_based
2024-11-02,Solapur,Maharashtra,17.6599,75.9064,0.3935606557689025,9.39932713683176,synthetic_climate_based
2024-11-03,Solapur,Maharashtra,17.6599,75.9064,0.4516842981046437,11.106689123500677,synthetic_climate_based
2024-11-04,Solapur,Maharashtra,17.6599,75.9064,0.4100987067367616,9.998887110582663,synthetic_climate_based
2024-11-05,Solapur,Maharashtra,17.6599,75.9064,0.5198224945005435,13.505995289716946,synthetic_climate_based
2024-11-06,Solapur,Maharashtra,17.6599,75.9064,0.4447874006082094,12.198741591099783,synthetic_climate_based
2024-11-07,Solapur,Maharashtra,17.6599,75.9064,0.4684457204304608,7.2760934907596555,synthetic_climate_based
2024-11-08,Solapur,Maharashtra,17.6599,75.9064,0.3797410155082757,12.852333759453344,synthetic_climate_based
2024-11-09,Solapur,Maharashtra,17.6599,75.9064,0.3096538223960077,4.5716287305021925,synthetic_climate_based
2024-11-10,Solapur,Maharashtra,17.6599,75.9064,0.3555891068166015,4.694286180945325,synthetic_climate_based
2024-11-11,Solapur,Maharashtra,17.6599,75.9064,0.40300399801295683,10.476438466342973,synthetic_climate_based
2024-11-12,Solapur,Maharashtra,17.6599,75.9064,0.4249963759085666,12.385988104003523,synthetic_climate_based
2024-11-13,Solapur,Maharashtra,17.6599,75.9064,0.4183968046464181,4.717177517738414,synthetic_climate_based
2024-11-14,Solapur,Maharashtra,17.6599,75.9064,0.46625839092842325,5.795834762973471,synthetic_climate_based
2024-11-15,Solapur,Maharashtra,17.6599,75.9064,0.3934572038139114,4.025122839807594,synthetic_climate_based
2024-11-16,Solapur,Maharashtra,17.6599,75.9064,0.47280914434164617,10.28930168724889,synthetic_climate_based
2024-11-17,Solapur,Maharashtra,17.6599,75.9064,0.4668831432240633,14.046877625791312,synthetic_climate_based
2024-11-18,Solapur,Maharashtra,17.6599,75.9064,0.3827389867914763,2.406280473944566,synthetic_climate_based
2024-11-19,Solapur,Maharashtra,17.6599,75.9064,0.5302111776461715,14.673128217515876,synthetic_climate_based
2024-11-20,Solapur,Maharashtra,17.6599,75.9064,0.3382963063092237,2.4999101537700104,synthetic_climate_based
2024-11-21,Solapur,Maharashtra,17.6599,75.9064,0.586918073576145,14.93676174215129,synthetic_climate_based
2024-11-22,Solapur,Maharashtra,17.6599,75.9064,0.4112204936376171,10.719512614636436,synthetic_climate_based
2024-11-23,Solapur,Maharashtra,17.6599,75.9064,0.42599204565970183,1.5054562696762253,synthetic_climate_based
2024-11-24,Solapur,Maharashtra,17.6599,75.9064,0.4451740534126886,7.47268382513843,synthetic_climate_based
2024-11-25,Solapur,Maharashtra,17.6599,75.9064,0.41995571159977607,0.565012616731449,synthetic_climate_based
2024-11-26,Solapur,Maharashtra,17.6599,75.9064,0.4121345775710674,0.6233214220523836,synthetic_climate_based
2024-11-27,Solapur,Maharashtra,17.6599,75.9064,0.4735314816799636,14.43170034627629,synthetic_climate_based
2024-11-28,Solapur,Maharashtra,17.6599,75.9064,0.5032760348273946,6.289973845415142,synthetic_climate_based
2024-11-29,Solapur,Maharashtra,17.6599,75.9064,0.48948757931175396,3.7244868717051864,synthetic_climate_based
2024-11-30,Solapur,Maharashtra,17.6599,75.9064,0.3769110124640188,9.30719169652608,synthetic_climate_based
2024-12-01,Solapur,Maharashtra,17.6599,75.9064,0.4395300690081685,7.863034459288928,synthetic_climate_based
2024-12-02,Solapur,Maharashtra,17.6599,75.9064,0.3909811715349342,7.0058652533579915,synthetic_climate_based
2024-12-03,Solapur,Maharashtra,17.6599,75.9064,0.4411836282348268,3.9424554176907263,synthetic_climate_based
2024-12-04,Solapur,Maharashtra,17.6599,75.9064,0.4990805991354307,7.583708112893945,synthetic_climate_based
2024-12-05,Solapur,Maharashtra,17.6599,75.9064,0.47028097454582385,12.752863349770275,synthetic_climate_based
2024-12-06,Solapur,Maharashtra,17.6599,75.9064,0.406673613282063,13.931330678887727,synthetic_climate_based
2024-12-07,Solapur,Maharashtra,17.6599,75.9064,0.3743261063709995,12.700869616226298,synthetic_climate_based
2024-12-08,Solapur,Maharashtra,17.6599,75.9064,0.3734447486079318,5.126486944722389,synthetic_climate_based
2024-12-09,Solapur,Maharashtra,17.6599,75.9064,0.3632446095472329,1.1958364100500185,synthetic_climate_based
2024-12-10,Solapur,Maharashtra,17.6599,75.9064,0.4125791277117591,2.681890328465089,synthetic_climate_based
2024-12-11,Solapur,Maharashtra,17.6599,75.9064,0.4440703651331311,0.35323181674554394,synthetic_climate_based
2024-12-12,Solapur,Maharashtra,17.6599,75.9064,0.41895137610019145,6.3913094964949515,synthetic_climate_based
2024-12-13,Solapur,Maharashtra,17.6599,75.9064,0.49893382121085506,2.8367880105402046,synthetic_climate_based
2024-12-14,Solapur,Maharashtra,17.6599,75.9064,0.4855589475521543,3.1419057139302304,synthetic_climate_based
2024-12-15,Solapur,Maharashtra,17.6599,75.9064,0.423700627564302,2.5595614725155826,synthetic_climate_based
2024-12-16,Solapur,Maharashtra,17.6599,75.9064,0.2779670498762275,7.56031622948833,synthetic_climate_based
2024-12-17,Solapur,Maharashtra,17.6599,75.9064,0.46392346169598636,2.0225561581822618,synthetic_climate_based
2024-12-18,Solapur,Maharashtra,17.6599,75.9064,0.32524306108331763,14.805701853755977,synthetic_climate_based
2024-12-19,Solapur,Maharashtra,17.6599,75.9064,0.43053220561650263,13.319335992564039,synthetic_climate_based
2024-12-20,Solapur,Maharashtra,17.6599,75.9064,0.3409286656627449,8.36177073395756,synthetic_climate_based
2024-12-21,Solapur,Maharashtra,17.6599,75.9064,0.4741943683716513,6.0651505558561105,synthetic_climate_based
2024-12-22,Solapur,Maharashtra,17.6599,75.9064,0.3391080022609547,12.592380153742116,synthetic_climate_based
2024-12-23,Solapur,Maharashtra,17.6599,75.9064,0.3366534411409707,1.9081429992169858,synthetic_climate_based
2024-12-24,Solapur,Maharashtra,17.6599,75.9064,0.4736667264262616,1.7828567714542298,synthetic_climate_based
2024-12-25,Solapur,Maharashtra,17.6599,75.9064,0.3618111965636891,8.739049947611335,synthetic_climate_based
2024-12-26,Solapur,Maharashtra,17.6599,75.9064,0.44477311966744265,5.495506612154139,synthetic_climate_based
2024-12-27,Solapur,Maharashtra,17.6599,75.9064,0.34032165745507437,0.976856774674919,synthetic_climate_based
2024-12-28,Solapur,Maharashtra,17.6599,75.9064,0.4570199390736002,2.049432351460136,synthetic_climate_based
2024-12-29,Solapur,Maharashtra,17.6599,75.9064,0.5282313321351887,1.1582049057702337,synthetic_climate_based
2024-12-30,Solapur,Maharashtra,17.6599,75.9064,0.3749033969056138,3.433036802514739,synthetic_climate_based
2024-12-31,Solapur,Maharashtra,17.6599,75.9064,0.4114617358365816,7.212721962605231,synthetic_climate_based
2025-01-01,Solapur,Maharashtra,17.6599,75.9064,0.40598613362807745,2.1725224740581868,synthetic_climate_based
2025-01-02,Solapur,Maharashtra,17.6599,75.9064,0.4091906028794198,14.995161566058234,synthetic_climate_based
2025-01-03,Solapur,Maharashtra,17.6599,75.9064,0.4615091617613018,1.6063415565293626,synthetic_climate_based
2025-01-04,Solapur,Maharashtra,17.6599,75.9064,0.4279918451072983,1.8478533238121775,synthetic_climate_based
2025-01-05,Solapur,Maharashtra,17.6599,75.9064,0.4328408092153362,6.674688130944346,synthetic_climate_based
2025-01-06,Solapur,Maharashtra,17.6599,75.9064,0.4486074265343019,8.952674606906369,synthetic_climate_based
2025-01-07,Solapur,Maharashtra,17.6599,75.9064,0.5430263411644726,4.219945089938259,synthetic_climate_based
2025-01-08,Solapur,Maharashtra,17.6599,75.9064,0.3164412243885855,4.245330452600921,synthetic_climate_based
2025-01-09,Solapur,Maharashtra,17.6599,75.9064,0.4728059947733134,13.8575719979398,synthetic_climate_based
2025-01-10,Solapur,Maharashtra,17.6599,75.9064,0.4668608505414307,7.501986989103168,synthetic_climate_based
2025-01-11,Solapur,Maharashtra,17.6599,75.9064,0.44575271460413024,8.085359407625534,synthetic_climate_based
2025-01-12,Solapur,Maharashtra,17.6599,75.9064,0.35102462138137397,2.20929485118351,synthetic_climate_based
2025-01-13,Solapur,Maharashtra,17.6599,75.9064,0.4507195985204803,2.244438937963386,synthetic_climate_based
2025-01-14,Solapur,Maharashtra,17.6599,75.9064,0.4210811331819943,5.0929756895561455,synthetic_climate_based
2025-01-15,Solapur,Maharashtra,17.6599,75.9064,0.3328409600338267,5.467798306893008,synthetic_climate_based
2025-01-16,Solapur,Maharashtra,17.6599,75.9064,0.40131041902279757,6.435427745835872,synthetic_climate_based
2025-01-17,Solapur,Maharashtra,17.6599,75.9064,0.31879468776985037,14.411907574222562,synthetic_climate_based
2025-01-18,Solapur,Maharashtra,17.6599,75.9064,0.42719623359333997,9.528091132391081,synthetic_climate_based
2025-01-19,Solapur,Maharashtra,17.6599,75.9064,0.4366971110216673,9.750288724718834,synthetic_climate_based
2025-01-20,Solapur,Maharashtra,17.6599,75.9064,0.43062198909765603,11.32330244918732,synthetic_climate_based
2025-01-21,Solapur,Maharashtra,17.6599,75.9064,0.5751876703368035,8.026509640235686,synthetic_climate_based
2025-01-22,Solapur,Maharashtra,17.6599,75.9064,0.457764946263908,0.6574321850248155,synthetic_climate_based
2025-01-23,Solapur,Maharashtra,17.6599,75.9064,0.4464762293811831,4.103368802109484,synthetic_climate_based
2025-01-24,Solapur,Maharashtra,17.6599,75.9064,0.3070488767712589,13.339071235355565,synthetic_climate_based
2025-01-25,Solapur,Maharashtra,17.6599,75.9064,0.4546218504007789,10.817786295658355,synthetic_climate_based
2025-01-26,Solapur,Maharashtra,17.6599,75.9064,0.38226223941937487,11.239315230866533,synthetic_climate_based
2025-01-27,Solapur,Maharashtra,17.6599,75.9064,0.44863375767413677,0.6459104451258707,synthetic_climate_based
2025-01-28,Solapur,Maharashtra,17.6599,75.9064,0.4368399333117823,11.410175352613793,synthetic_climate_based
2025-01-29,Solapur,Maharashtra,17.6599,75.9064,0.3883182277451033,1.8667711764841022,synthetic_climate_based
2025-01-30,Solapur,Maharashtra,17.6599,75.9064,0.5758809957519742,3.382867233181228,synthetic_climate_based
2025-01-31,Solapur,Maharashtra,17.6599,75.9064,0.43623091008076315,2.471179457751535,synthetic_climate_based
2025-02-01,Solapur,Maharashtra,17.6599,75.9064,0.3665936476307365,7.966216218437921,synthetic_climate_based
2025-02-02,Solapur,Maharashtra,17.6599,75.9064,0.4178116368492638,4.145574775642682,synthetic_climate_based
2025-02-03,Solapur,Maharashtra,17.6599,75.9064,0.3549328279220503,11.20073476479171,synthetic_climate_based
2025-02-04,Solapur,Maharashtra,17.6599,75.9064,0.4373371596430692,3.3501539496693002,synthetic_climate_based
2025-02-05,Solapur,Maharashtra,17.6599,75.9064,0.47907642007211676,9.255194564722679,synthetic_climate_based
2025-02-06,Solapur,Maharashtra,17.6599,75.9064,0.49980684542625814,9.46448295473236,synthetic_climate_based
2025-02-07,Solapur,Maharashtra,17.6599,75.9064,0.355271862290734,5.741730551039978,synthetic_climate_based
2025-02-08,Solapur,Maharashtra,17.6599,75.9064,0.4852589291220395,2.5849917262112445,synthetic_climate_based
2025-02-09,Solapur,Maharashtra,17.6599,75.9064,0.4340623703674788,5.751302842481155,synthetic_climate_based
2025-02-10,Solapur,Maharashtra,17.6599,75.9064,0.32624842673382265,0.6292595832002823,synthetic_climate_based
2025-02-11,Solapur,Maharashtra,17.6599,75.9064,0.389521873429012,9.238142771549752,synthetic_climate_based
2025-02-12,Solapur,Maharashtra,17.6599,75.9064,0.3758049249954049,13.37882340116912,synthetic_climate_based
2025-02-13,Solapur,Maharashtra,17.6599,75.9064,0.5705473597774742,4.076947904317188,synthetic_climate_based
2025-02-14,Solapur,Maharashtra,17.6599,75.9064,0.45157842297596007,7.678733379687447,synthetic_climate_based
2025-02-15,Solapur,Maharashtra,17.6599,75.9064,0.49564123717594233,8.322015365015247,synthetic_climate_based
2025-02-16,Solapur,Maharashtra,17.6599,75.9064,0.5177970400360629,3.3673890103150326,synthetic_climate_based
2025-02-17,Solapur,Maharashtra,17.6599,75.9064,0.47936834702465986,12.086646921520185,synthetic_climate_based
2025-02-18,Solapur,Maharashtra,17.6599,75.9064,0.43738929581234465,14.892911374285335,synthetic_climate_based
2025-02-19,Solapur,Maharashtra,17.6599,75.9064,0.48502163823546474,12.1518339451663,synthetic_climate_based
2025-02-20,Solapur,Maharashtra,17.6599,75.9064,0.45053641917754395,1.2207678896327874,synthetic_climate_based
2025-02-21,Solapur,Maharashtra,17.6599,75.9064,0.5273964935908875,4.091955172795962,synthetic_climate_based
2025-02-22,Solapur,Maharashtra,17.6599,75.9064,0.5407680363315155,6.909016056788176,synthetic_climate_based
2025-02-23,Solapur,Maharashtra,17.6599,75.9064,0.4731449931646513,12.326012817531742,synthetic_climate_based
2025-02-24,Solapur,Maharashtra,17.6599,75.9064,0.5286076913444009,2.5305145154175426,synthetic_climate_based
2025-02-25,Solapur,Maharashtra,17.6599,75.9064,0.5142044954655424,0.2934873424620499,synthetic_climate_based
2025-02-26,Solapur,Maharashtra,17.6599,75.9064,0.459422394368708,6.072066331095806,synthetic_climate_based
2025-02-27,Solapur,Maharashtra,17.6599,75.9064,0.4158813362069232,6.624439821846416,synthetic_climate_based
2025-02-28,Solapur,Maharashtra,17.6599,75.9064,0.5663024020615344,6.799113185679268,synthetic_climate_based
2025-03-01,Solapur,Maharashtra,17.6599,75.9064,0.43506291447552536,13.511381990761516,synthetic_climate_based
2025-03-02,Solapur,Maharashtra,17.6599,75.9064,0.3918303447475615,4.121327588125982,synthetic_climate_based
2025-03-03,Solapur,Maharashtra,17.6599,75.9064,0.4268651248461536,0.3584375295432163,synthetic_climate_based
2025-03-04,Solapur,Maharashtra,17.6599,75.9064,0.42767643038094033,9.1741027671838,synthetic_climate_based
2025-03-05,Solapur,Maharashtra,17.6599,75.9064,0.45471664467404704,11.031341026354132,synthetic_climate_based
2025-03-06,Solapur,Maharashtra,17.6599,75.9064,0.5614593952060987,14.42117951778255,synthetic_climate_based
2025-03-07,Solapur,Maharashtra,17.6599,75.9064,0.4239346270430295,14.276700250845623,synthetic_climate_based
2025-03-08,Solapur,Maharashtra,17.6599,75.9064,0.4780770586289353,14.772597860702799,synthetic_climate_based
2025-03-09,Solapur,Maharashtra,17.6599,75.9064,0.4137274595949285,11.036834067414198,synthetic_climate_based
2025-03-10,Solapur,Maharashtra,17.6599,75.9064,0.44788040398003076,7.69099400755552,synthetic_climate_based
2025-03-11,Solapur,Maharashtra,17.6599,75.9064,0.3968400308861266,13.523894620147638,synthetic_climate_based
2025-03-12,Solapur,Maharashtra,17.6599,75.9064,0.5332680272840042,1.7040479332314113,synthetic_climate_based
2025-03-13,Solapur,Maharashtra,17.6599,75.9064,0.5070655844801946,14.963704086386292,synthetic_climate_based
2025-03-14,Solapur,Maharashtra,17.6599,75.9064,0.5280314736474705,14.112877710049302,synthetic_climate_based
2025-03-15,Solapur,Maharashtra,17.6599,75.9064,0.5623351153606152,12.04447864354861,synthetic_climate_based
2025-03-16,Solapur,Maharashtra,17.6599,75.9064,0.5595090935089607,14.334233744799056,synthetic_climate_based
2025-03-17,Solapur,Maharashtra,17.6599,75.9064,0.4744361002891734,9.069927412261578,synthetic_climate_based
2025-03-18,Solapur,Maharashtra,17.6599,75.9064,0.5185811240669347,12.254591168256587,synthetic_climate_based
2025-03-19,Solapur,Maharashtra,17.6599,75.9064,0.5320264371985787,2.488470847310245,synthetic_climate_based
2025-03-20,Solapur,Maharashtra,17.6599,75.9064,0.5763777407649189,9.615410070069592,synthetic_climate_based
2025-03-21,Solapur,Maharashtra,17.6599,75.9064,0.5961781223203415,13.322300780272437,synthetic_climate_based
2025-03-22,Solapur,Maharashtra,17.6599,75.9064,0.42962193375553803,8.666961437083375,synthetic_climate_based
2025-03-23,Solapur,Maharashtra,17.6599,75.9064,0.442093360105006,7.021547254894529,synthetic_climate_based
2025-03-24,Solapur,Maharashtra,17.6599,75.9064,0.4966333946137508,1.2195960280013112,synthetic_climate_based
2025-03-25,Solapur,Maharashtra,17.6599,75.9064,0.5482089169578395,7.606206806222357,synthetic_climate_based
2025-03-26,Solapur,Maharashtra,17.6599,75.9064,0.49265443422403393,8.0420937739398,synthetic_climate_based
2025-03-27,Solapur,Maharashtra,17.6599,75.9064,0.5135544463471329,14.65316265479472,synthetic_climate_based
2025-03-28,Solapur,Maharashtra,17.6599,75.9064,0.5822208793399635,9.731912742311845,synthetic_climate_based
2025-03-29,Solapur,Maharashtra,17.6599,75.9064,0.6444093745493764,8.903830702181072,synthetic_climate_based
2025-03-30,Solapur,Maharashtra,17.6599,75.9064,0.5268485713417124,1.7573534034501255,synthetic_climate_based
2025-03-31,Solapur,Maharashtra,17.6599,75.9064,0.5519275351900851,1.6072238775670429,synthetic_climate_based
2025-04-01,Solapur,Maharashtra,17.6599,75.9064,0.5081733768198494,3.498415150576497,synthetic_climate_based
2025-04-02,Solapur,Maharashtra,17.6599,75.9064,0.5617706079435205,10.282781748642297,synthetic_climate_based
2025-04-03,Solapur,Maharashtra,17.6599,75.9064,0.5362448956416922,3.661056985466915,synthetic_climate_based
2025-04-04,Solapur,Maharashtra,17.6599,75.9064,0.5701426493746224,10.576371264295677,synthetic_climate_based
2025-04-05,Solapur,Maharashtra,17.6599,75.9064,0.48795801072350864,4.013552457247289,synthetic_climate_based
2025-04-06,Solapur,Maharashtra,17.6599,75.9064,0.4780548565904979,9.258072084663825,synthetic_climate_based
2025-04-07,Solapur,Maharashtra,17.6599,75.9064,0.5332846006663238,0.7070449257409112,synthetic_climate_based
2025-04-08,Solapur,Maharashtra,17.6599,75.9064,0.45097016418482283,12.618533651264158,synthetic_climate_based
2025-04-09,Solapur,Maharashtra,17.6599,75.9064,0.6444584652952554,3.4937539538174818,synthetic_climate_based
2025-04-10,Solapur,Maharashtra,17.6599,75.9064,0.6172202134797672,3.655268624434545,synthetic_climate_based
2025-04-11,Solapur,Maharashtra,17.6599,75.9064,0.48823569254794374,3.8194841108440114,synthetic_climate_based
2025-04-12,Solapur,Maharashtra,17.6599,75.9064,0.614549457909266,1.4461263164754818,synthetic_climate_based
2025-04-13,Solapur,Maharashtra,17.6599,75.9064,0.506021822517603,6.738702647909135,synthetic_climate_based
2025-04-14,Solapur,Maharashtra,17.6599,75.9064,0.5517655692807015,10.263248510979562,synthetic_climate_based
2025-04-15,Solapur,Maharashtra,17.6599,75.9064,0.577978251212231,0.696588683999021,synthetic_climate_based
2025-04-16,Solapur,Maharashtra,17.6599,75.9064,0.5134160249298101,6.679045619866875,synthetic_climate_based
2025-04-17,Solapur,Maharashtra,17.6599,75.9064,0.5143618781677739,4.786561223613538,synthetic_climate_based
2025-04-18,Solapur,Maharashtra,17.6599,75.9064,0.6311980472083121,6.4008877920793745,synthetic_climate_based
2025-04-19,Solapur,Maharashtra,17.6599,75.9064,0.6199970906761461,6.984592780938154,synthetic_climate_based
2025-04-20,Solapur,Maharashtra,17.6599,75.9064,0.586091297531705,3.0546168929262754,synthetic_climate_based
2025-04-21,Solapur,Maharashtra,17.6599,75.9064,0.4899999668714473,1.2565130508850557,synthetic_climate_based
2025-04-22,Solapur,Maharashtra,17.6599,75.9064,0.5827016146318168,10.10511406129053,synthetic_climate_based
2025-04-23,Solapur,Maharashtra,17.6599,75.9064,0.6464141302424601,10.137041408042304,synthetic_climate_based
2025-04-24,Solapur,Maharashtra,17.6599,75.9064,0.44417950037752824,10.375032850712117,synthetic_climate_based
2025-04-25,Solapur,Maharashtra,17.6599,75.9064,0.6250826713314084,3.9981575108260397,synthetic_climate_based
2025-04-26,Solapur,Maharashtra,17.6599,75.9064,0.5853177501691155,7.171004847710186,synthetic_climate_based
2025-04-27,Solapur,Maharashtra,17.6599,75.9064,0.4595659190762513,7.409233626180435,synthetic_climate_based
2025-04-28,Solapur,Maharashtra,17.6599,75.9064,0.6341282480146075,5.861072594739832,synthetic_climate_based
2025-04-29,Solapur,Maharashtra,17.6599,75.9064,0.6053891491092505,4.182575790538096,synthetic_climate_based
2025-04-30,Solapur,Maharashtra,17.6599,75.9064,0.4974320546702858,8.224328653951176,synthetic_climate_based
2025-05-01,Solapur,Maharashtra,17.6599,75.9064,0.5189370629233384,13.32564509052699,synthetic_climate_based
2025-05-02,Solapur,Maharashtra,17.6599,75.9064,0.5580177767589054,14.400121416486623,synthetic_climate_based
2025-05-03,Solapur,Maharashtra,17.6599,75.9064,0.6884832329771188,2.1354979464482557,synthetic_climate_based
2025-05-04,Solapur,Maharashtra,17.6599,75.9064,0.65332901273401,8.43280867125315,synthetic_climate_based
2025-05-05,Solapur,Maharashtra,17.6599,75.9064,0.5484065008819258,6.0540746379545665,synthetic_climate_based
2025-05-06,Solapur,Maharashtra,17.6599,75.9064,0.5917379288280996,9.79043143566042,synthetic_climate_based
2025-05-07,Solapur,Maharashtra,17.6599,75.9064,0.587601023431491,10.455678754004943,synthetic_climate_based
2025-05-08,Solapur,Maharashtra,17.6599,75.9064,0.6296182104940724,10.203545598823977,synthetic_climate_based
2025-05-09,Solapur,Maharashtra,17.6599,75.9064,0.5792670760354868,13.836453885437656,synthetic_climate_based
2025-05-10,Solapur,Maharashtra,17.6599,75.9064,0.5741696026651668,6.11089598493045,synthetic_climate_based
2025-05-11,Solapur,Maharashtra,17.6599,75.9064,0.5765282401799406,12.810445690362757,synthetic_climate_based
2025-05-12,Solapur,Maharashtra,17.6599,75.9064,0.5557547559463679,14.517758234651792,synthetic_climate_based
2025-05-13,Solapur,Maharashtra,17.6599,75.9064,0.6817447946284843,9.685864050107334,synthetic_climate_based
2025-05-14,Solapur,Maharashtra,17.6599,75.9064,0.5624313003256939,6.310785756718984,synthetic_climate_based
2025-05-15,Solapur,Maharashtra,17.6599,75.9064,0.6174341928547594,2.8613930985477527,synthetic_climate_based
2025-05-16,Solapur,Maharashtra,17.6599,75.9064,0.6384930449342873,3.979716265031045,synthetic_climate_based
2025-05-17,Solapur,Maharashtra,17.6599,75.9064,0.6109100104894919,8.7083364021871,synthetic_climate_based
2025-05-18,Solapur,Maharashtra,17.6599,75.9064,0.6035858717156781,4.132160627167215,synthetic_climate_based
2025-05-19,Solapur,Maharashtra,17.6599,75.9064,0.6431772583591466,2.307105858084677,synthetic_climate_based
2025-05-20,Solapur,Maharashtra,17.6599,75.9064,0.61672390654277,3.5615349050594785,synthetic_climate_based
2025-05-21,Solapur,Maharashtra,17.6599,75.9064,0.5058507327947074,6.173674966700691,synthetic_climate_based
2025-05-22,Solapur,Maharashtra,17.6599,75.9064,0.612733751585766,14.839192851810955,synthetic_climate_based
2025-05-23,Solapur,Maharashtra,17.6599,75.9064,0.5797312866267249,6.831726597068561,synthetic_climate_based
2025-05-24,Solapur,Maharashtra,17.6599,75.9064,0.5492805645927636,6.426715187024513,synthetic_climate_based
2025-05-25,Solapur,Maharashtra,17.6599,75.9064,0.6013879478129287,1.6797409241628865,synthetic_climate_based
2025-05-26,Solapur,Maharashtra,17.6599,75.9064,0.6373964743899667,8.554916568187165,synthetic_climate_based
2025-05-27,Solapur,Maharashtra,17.6599,75.9064,0.6498647776272898,9.613971077718867,synthetic_climate_based
2025-05-28,Solapur,Maharashtra,17.6599,75.9064,0.596887163004402,0.42695192074036437,synthetic_climate_based
2025-05-29,Solapur,Maharashtra,17.6599,75.9064,0.5825291188988304,3.103760688446196,synthetic_climate_based
2025-05-30,Solapur,Maharashtra,17.6599,75.9064,0.6035696252956799,5.217303949574977,synthetic_climate_based
2025-05-31,Solapur,Maharashtra,17.6599,75.9064,0.5770998859375103,6.492285432096409,synthetic_climate_based
2025-06-01,Solapur,Maharashtra,17.6599,75.9064,0.5632089458312209,11.02180189141827,synthetic_climate_based
2025-06-02,Solapur,Maharashtra,17.6599,75.9064,0.6550692684485755,12.56248892959421,synthetic_climate_based
2025-06-03,Solapur,Maharashtra,17.6599,75.9064,0.6511442076451537,2.429807235678141,synthetic_climate_based
2025-06-04,Solapur,Maharashtra,17.6599,75.9064,0.6585496247330435,7.021615549675609,synthetic_climate_based
2025-06-05,Solapur,Maharashtra,17.6599,75.9064,0.5658509829790543,10.652701101339472,synthetic_climate_based
2025-06-06,Solapur,Maharashtra,17.6599,75.9064,0.6201936232536092,10.721113369377361,synthetic_climate_based
2025-06-07,Solapur,Maharashtra,17.6599,75.9064,0.6493199547424705,4.148958552743789,synthetic_climate_based
2025-06-08,Solapur,Maharashtra,17.6599,75.9064,0.648629804772176,4.0014119913606265,synthetic_climate_based
2025-06-09,Solapur,Maharashtra,17.6599,75.9064,0.6726234166641448,4.449070509886739,synthetic_climate_based
2025-06-10,Solapur,Maharashtra,17.6599,75.9064,0.551576372368322,4.532212765086593,synthetic_climate_based
2025-06-11,Solapur,Maharashtra,17.6599,75.9064,0.5152659744703326,9.579458726372065,synthetic_climate_based
2025-06-12,Solapur,Maharashtra,17.6599,75.9064,0.6474633553880492,1.610040792919127,synthetic_climate_based
2025-06-13,Solapur,Maharashtra,17.6599,75.9064,0.6198511247369372,13.16515140048594,synthetic_climate_based
2025-06-14,Solapur,Maharashtra,17.6599,75.9064,0.6725146235321419,13.803448860009818,synthetic_climate_based
2025-06-15,Solapur,Maharashtra,17.6599,75.9064,0.6882480086001878,3.3471395907536508,synthetic_climate_based
2025-06-16,Solapur,Maharashtra,17.6599,75.9064,0.6393488761065264,1.0808769583505433,synthetic_climate_based
2025-06-17,Solapur,Maharashtra,17.6599,75.9064,0.659049471257008,7.115480268847694,synthetic_climate_based
2025-06-18,Solapur,Maharashtra,17.6599,75.9064,0.6778825508803838,5.4540414620327775,synthetic_climate_based
2025-06-19,Solapur,Maharashtra,17.6599,75.9064,0.5893139984183903,7.984619856650526,synthetic_climate_based
2025-06-20,Solapur,Maharashtra,17.6599,75.9064,0.6824087008056977,9.672365380743276,synthetic_climate_based
2025-06-21,Solapur,Maharashtra,17.6599,75.9064,0.5729392683892404,6.0495188354220115,synthetic_climate_based
2025-06-22,Solapur,Maharashtra,17.6599,75.9064,0.6195152271731766,8.774826458909578,synthetic_climate_based
2025-06-23,Solapur,Maharashtra,17.6599,75.9064,0.5497436683561321,4.087280579583946,synthetic_climate_based
2025-06-24,Solapur,Maharashtra,17.6599,75.9064,0.6498300298945688,8.667331109095588,synthetic_climate_based
2025-06-25,Solapur,Maharashtra,17.6599,75.9064,0.5942995350589175,6.949236889340095,synthetic_climate_based
2025-06-26,Solapur,Maharashtra,17.6599,75.9064,0.6219610585245521,11.702006181896397,synthetic_climate_based
2025-06-27,Solapur,Maharashtra,17.6599,75.9064,0.6522380858972311,8.96241554723523,synthetic_climate_based
2025-06-28,Solapur,Maharashtra,17.6599,75.9064,0.6248306122940416,3.3698658858459445,synthetic_climate_based
2025-06-29,Solapur,Maharashtra,17.6599,75.9064,0.6719657478999899,6.515797099954012,synthetic_climate_based
2025-06-30,Solapur,Maharashtra,17.6599,75.9064,0.726282593413112,6.171234817445731,synthetic_climate_based
2025-07-01,Solapur,Maharashtra,17.6599,75.9064,0.7144175347217644,7.37530392285465,synthetic_climate_based
2025-07-02,Solapur,Maharashtra,17.6599,75.9064,0.61970144621909,8.09411127813275,synthetic_climate_based
2025-07-03,Solapur,Maharashtra,17.6599,75.9064,0.6776224900084387,11.561553278125754,synthetic_climate_based
2025-07-04,Solapur,Maharashtra,17.6599,75.9064,0.7166236922049464,3.262606861485058,synthetic_climate_based
2025-07-05,Solapur,Maharashtra,17.6599,75.9064,0.6630995455404572,9.182423982076857,synthetic_climate_based
2025-07-06,Solapur,Maharashtra,17.6599,75.9064,0.5032406012888907,12.1238095353581,synthetic_climate_based
2025-07-07,Solapur,Maharashtra,17.6599,75.9064,0.5748388707053445,1.893396304844857,synthetic_climate_based
2025-07-08,Solapur,Maharashtra,17.6599,75.9064,0.6549377366258772,12.424520183485134,synthetic_climate_based
2025-07-09,Solapur,Maharashtra,17.6599,75.9064,0.7577196308976952,6.0406296611073484,synthetic_climate_based
2025-07-10,Solapur,Maharashtra,17.6599,75.9064,0.6532652636573334,1.32900067023396,synthetic_climate_based
2025-07-11,Solapur,Maharashtra,17.6599,75.9064,0.6474369518899454,0.6250502918910578,synthetic_climate_based
2025-07-12,Solapur,Maharashtra,17.6599,75.9064,0.6745943627788903,9.719346620549315,synthetic_climate_based
2025-07-13,Solapur,Maharashtra,17.6599,75.9064,0.6049101833537087,3.7780644891396737,synthetic_climate_based
2025-07-14,Solapur,Maharashtra,17.6599,75.9064,0.7161524868205967,6.170981191124839,synthetic_climate_based
2025-07-15,Solapur,Maharashtra,17.6599,75.9064,0.720264235454718,3.5194662972290196,synthetic_climate_based
2025-07-16,Solapur,Maharashtra,17.6599,75.9064,0.5694552143820797,2.6531734171102377,synthetic_climate_based
2025-07-17,Solapur,Maharashtra,17.6599,75.9064,0.6197995006244118,3.440898133614692,synthetic_climate_based
2025-07-18,Solapur,Maharashtra,17.6599,75.9064,0.6674329943994446,5.0648392285963535,synthetic_climate_based
2025-07-19,Solapur,Maharashtra,17.6599,75.9064,0.651399255867012,2.357354403568249,synthetic_climate_based
2025-07-20,Solapur,Maharashtra,17.6599,75.9064,0.6244538643186112,2.855507913641877,synthetic_climate_based
2025-07-21,Solapur,Maharashtra,17.6599,75.9064,0.6807410787567074,13.319999863067487,synthetic_climate_based
2025-07-22,Solapur,Maharashtra,17.6599,75.9064,0.6309368957806987,5.798273133626132,synthetic_climate_based
2025-07-23,Solapur,Maharashtra,17.6599,75.9064,0.5970990516645761,11.126074263431958,synthetic_climate_based
2025-07-24,Solapur,Maharashtra,17.6599,75.9064,0.6000907652061901,4.0016790338025485,synthetic_climate_based
2025-07-25,Solapur,Maharashtra,17.6599,75.9064,0.6221349177563648,3.0936069038097935,synthetic_climate_based
2025-07-26,Solapur,Maharashtra,17.6599,75.9064,0.5490602041450346,3.2380262385381937,synthetic_climate_based
2025-07-27,Solapur,Maharashtra,17.6599,75.9064,0.6060599806880855,6.717968656292698,synthetic_climate_based
2025-07-28,Solapur,Maharashtra,17.6599,75.9064,0.6873045495549874,13.945472849394651,synthetic_climate_based
2025-07-29,Solapur,Maharashtra,17.6599,75.9064,0.6640622661665191,5.855580318726636,synthetic_climate_based
2025-07-30,Solapur,Maharashtra,17.6599,75.9064,0.6546353619529125,8.078979887662166,synthetic_climate_based
2025-07-31,Solapur,Maharashtra,17.6599,75.9064,0.6315124272261977,2.9657734027003473,synthetic_climate_based
2025-08-01,Solapur,Maharashtra,17.6599,75.9064,0.7803331489662532,0.5186272701238409,synthetic_climate_based
2025-08-02,Solapur,Maharashtra,17.6599,75.9064,0.6475212726577292,6.820661333940144,synthetic_climate_based
2025-08-03,Solapur,Maharashtra,17.6599,75.9064,0.6372819790721379,4.3731245714567315,synthetic_climate_based
2025-08-04,Solapur,Maharashtra,17.6599,75.9064,0.6499294603945103,14.350522039880847,synthetic_climate_based
2025-08-05,Solapur,Maharashtra,17.6599,75.9064,0.6090071625527363,7.9810281989713285,synthetic_climate_based
2025-08-06,Solapur,Maharashtra,17.6599,75.9064,0.6286703941928588,0.8007785571075104,synthetic_climate_based
2025-08-07,Solapur,Maharashtra,17.6599,75.9064,0.5848571380653709,10.815261658688385,synthetic_climate_based
2025-08-08,Solapur,Maharashtra,17.6599,75.9064,0.704195548176668,13.619740074336846,synthetic_climate_based
2025-08-09,Solapur,Maharashtra,17.6599,75.9064,0.5563322990442394,4.868822799447918,synthetic_climate_based
2025-08-10,Solapur,Maharashtra,17.6599,75.9064,0.6064960498590601,6.7717799996659265,synthetic_climate_based
2025-08-11,Solapur,Maharashtra,17.6599,75.9064,0.6174327868379815,8.29608706827776,synthetic_climate_based
2025-08-12,Solapur,Maharashtra,17.6599,75.9064,0.6876124152132015,6.130835504297616,synthetic_climate_based
2025-08-13,Solapur,Maharashtra,17.6599,75.9064,0.5586267204879858,14.706267440896019,synthetic_climate_based
2025-08-14,Solapur,Maharashtra,17.6599,75.9064,0.654699268677177,6.090475574047856,synthetic_climate_based
2025-08-15,Solapur,Maharashtra,17.6599,75.9064,0.6311292183490802,11.683205120879833,synthetic_climate_based
2025-08-16,Solapur,Maharashtra,17.6599,75.9064,0.5871240622570157,1.050418005941841,synthetic_climate_based
2025-08-17,Solapur,Maharashtra,17.6599,75.9064,0.614025223661906,10.004488328792169,synthetic_climate_based
2025-08-18,Solapur,Maharashtra,17.6599,75.9064,0.6714857828104133,8.62544505200244,synthetic_climate_based
2025-08-19,Solapur,Maharashtra,17.6599,75.9064,0.5369798279195093,1.4814185961378057,synthetic_climate_based
2025-08-20,Solapur,Maharashtra,17.6599,75.9064,0.6059917330498445,1.9381017932889226,synthetic_climate_based
2025-08-21,Solapur,Maharashtra,17.6599,75.9064,0.6660705381535101,12.727267557500234,synthetic_climate_based
2025-08-22,Solapur,Maharashtra,17.6599,75.9064,0.6973608956510132,9.488591855101323,synthetic_climate_based
2025-08-23,Solapur,Maharashtra,17.6599,75.9064,0.511855853059508,7.204590256629979,synthetic_climate_based
2025-08-24,Solapur,Maharashtra,17.6599,75.9064,0.6615928464545336,7.281514129241779,synthetic_climate_based
2025-08-25,Solapur,Maharashtra,17.6599,75.9064,0.7103002130957108,7.026733147389775,synthetic_climate_based
2025-08-26,Solapur,Maharashtra,17.6599,75.9064,0.5992897417469106,7.815387767504708,synthetic_climate_based
2025-08-27,Solapur,Maharashtra,17.6599,75.9064,0.68982960196092,3.7882172102656297,synthetic_climate_based
2025-08-28,Solapur,Maharashtra,17.6599,75.9064,0.6401109346815486,3.236213450476875,synthetic_climate_based
2025-08-29,Solapur,Maharashtra,17.6599,75.9064,0.6420111025047525,0.9088221870073299,synthetic_climate_based
2025-08-30,Solapur,Maharashtra,17.6599,75.9064,0.7034340770001123,7.724154678386533,synthetic_climate_based
2025-08-31,Solapur,Maharashtra,17.6599,75.9064,0.5370913576968808,1.8281651949702034,synthetic_climate_based
2025-09-01,Solapur,Maharashtra,17.6599,75.9064,0.5630590147332046,9.371184708223275,synthetic_climate_based
2025-09-02,Solapur,Maharashtra,17.6599,75.9064,0.5933804562655972,9.744209882538103,synthetic_climate_based
2025-09-03,Solapur,Maharashtra,17.6599,75.9064,0.6167780298475715,12.318614714412488,synthetic_climate_based
2025-09-04,Solapur,Maharashtra,17.6599,75.9064,0.537813909338275,3.6160079059178587,synthetic_climate_based
2025-09-05,Solapur,Maharashtra,17.6599,75.9064,0.5479926789824956,12.071487290260926,synthetic_climate_based
2025-09-06,Solapur,Maharashtra,17.6599,75.9064,0.5139984946017911,5.133272521203803,synthetic_climate_based
2025-09-07,Solapur,Maharashtra,17.6599,75.9064,0.6755366822499671,5.145872701828672,synthetic_climate_based
2025-09-08,Solapur,Maharashtra,17.6599,75.9064,0.5868923808411968,7.856909340029315,synthetic_climate_based
2025-09-09,Solapur,Maharashtra,17.6599,75.9064,0.5221649856302139,9.888325418107181,synthetic_climate_based
2025-09-10,Solapur,Maharashtra,17.6599,75.9064,0.6901239901605741,14.596727357950085,synthetic_climate_based
2025-09-11,Solapur,Maharashtra,17.6599,75.9064,0.5283645788381441,12.364049960109913,synthetic_climate_based
2025-09-12,Solapur,Maharashtra,17.6599,75.9064,0.65377906390949,3.965329355860356,synthetic_climate_based
2025-09-13,Solapur,Maharashtra,17.6599,75.9064,0.5107320421929897,11.681918618031043,synthetic_climate_based
2025-09-14,Solapur,Maharashtra,17.6599,75.9064,0.5055188740009077,2.4206475529303555,synthetic_climate_based
2025-09-15,Solapur,Maharashtra,17.6599,75.9064,0.4687467888076078,5.370800317638896,synthetic_climate_based
2025-09-16,Solapur,Maharashtra,17.6599,75.9064,0.5201350548234799,12.327746768439809,synthetic_climate_based
2025-09-17,Solapur,Maharashtra,17.6599,75.9064,0.5270616934194954,10.417408680966936,synthetic_climate_based
2025-09-18,Solapur,Maharashtra,17.6599,75.9064,0.5623437669128079,6.996686889329707,synthetic_climate_based
2025-09-19,Solapur,Maharashtra,17.6599,75.9064,0.6310895870714959,12.09235305642326,synthetic_climate_based
2025-09-20,Solapur,Maharashtra,17.6599,75.9064,0.5792649003167121,8.139145855972782,synthetic_climate_based
2025-09-21,Solapur,Maharashtra,17.6599,75.9064,0.6415857602860603,13.741562868805646,synthetic_climate_based
2025-09-22,Solapur,Maharashtra,17.6599,75.9064,0.5461275258861025,2.401250016573969,synthetic_climate_based
2025-09-23,Solapur,Maharashtra,17.6599,75.9064,0.5529652449332253,9.543322600781968,synthetic_climate_based
2025-09-24,Solapur,Maharashtra,17.6599,75.9064,0.6799924135957272,12.666233327220528,synthetic_climate_based
2025-09-25,Solapur,Maharashtra,17.6599,75.9064,0.5405111281447154,11.568167295739862,synthetic_climate_based
2025-09-26,Solapur,Maharashtra,17.6599,75.9064,0.43995653779911237,5.825753748753274,synthetic_climate_based
2025-09-27,Solapur,Maharashtra,17.6599,75.9064,0.5575631399038619,2.4189460527975113,synthetic_climate_based
2025-09-28,Solapur,Maharashtra,17.6599,75.9064,0.5214632629226313,10.702038224543818,synthetic_climate_based
2025-09-29,Solapur,Maharashtra,17.6599,75.9064,0.5954320619119776,6.232426230296083,synthetic_climate_based
2025-09-30,Solapur,Maharashtra,17.6599,75.9064,0.6078487137570938,11.259269673264845,synthetic_climate_based
2025-10-01,Solapur,Maharashtra,17.6599,75.9064,0.4548635051462605,12.99643269033186,synthetic_climate_based
2025-10-02,Solapur,Maharashtra,17.6599,75.9064,0.5406986180373031,1.4960871621880656,synthetic_climate_based
2025-10-03,Solapur,Maharashtra,17.6599,75.9064,0.5663144858272969,6.216337763700554,synthetic_climate_based
2025-10-04,Solapur,Maharashtra,17.6599,75.9064,0.5129223744819074,6.952821816954059,synthetic_climate_based
2025-10-05,Solapur,Maharashtra,17.6599,75.9064,0.6243919452993585,10.473048390272332,synthetic_climate_based
2025-10-06,Solapur,Maharashtra,17.6599,75.9064,0.4620959507771633,14.77944085184566,synthetic_climate_based
2025-10-07,Solapur,Maharashtra,17.6599,75.9064,0.5906311291356027,12.706603941583074,synthetic_climate_based
2025-10-08,Solapur,Maharashtra,17.6599,75.9064,0.4374047464374296,7.07702442749284,synthetic_climate_based
2025-10-09,Solapur,Maharashtra,17.6599,75.9064,0.45229961425902826,9.609938955316117,synthetic_climate_based
2025-10-10,Solapur,Maharashtra,17.6599,75.9064,0.6104409967351573,10.805161253298396,synthetic_climate_based
2025-10-11,Solapur,Maharashtra,17.6599,75.9064,0.5057407145223821,10.341559665995044,synthetic_climate_based
2025-10-12,Solapur,Maharashtra,17.6599,75.9064,0.5442957129659856,6.37754153823572,synthetic_climate_based
2025-10-13,Solapur,Maharashtra,17.6599,75.9064,0.4942410581879488,0.9764404753547695,synthetic_climate_based
2025-10-14,Solapur,Maharashtra,17.6599,75.9064,0.5158525727966105,12.268680110650255,synthetic_climate_based
2025-10-15,Solapur,Maharashtra,17.6599,75.9064,0.4501670290376865,10.532560344163409,synthetic_climate_based
2025-10-16,Solapur,Maharashtra,17.6599,75.9064,0.5880148382191153,1.4164543863134642,synthetic_climate_based
2025-10-17,Solapur,Maharashtra,17.6599,75.9064,0.5036078371885939,9.023812932184853,synthetic_climate_based
2025-10-18,Solapur,Maharashtra,17.6599,75.9064,0.4542204028754302,1.0717451644413267,synthetic_climate_based
2025-10-19,Solapur,Maharashtra,17.6599,75.9064,0.45346960251678414,7.223626866434395,synthetic_climate_based
2025-10-20,Solapur,Maharashtra,17.6599,75.9064,0.4633012055005716,11.733326148594417,synthetic_climate_based
2025-10-21,Solapur,Maharashtra,17.6599,75.9064,0.442694780880592,14.507429113608698,synthetic_climate_based
2025-10-22,Solapur,Maharashtra,17.6599,75.9064,0.5077621176924184,13.490744758427649,synthetic_climate_based
2025-10-23,Solapur,Maharashtra,17.6599,75.9064,0.49595352062547765,11.128715747756715,synthetic_climate_based
2025-10-24,Solapur,Maharashtra,17.6599,75.9064,0.5489078468467549,4.149690793415617,synthetic_climate_based
2025-10-25,Solapur,Maharashtra,17.6599,75.9064,0.45849639499130274,10.100470010613915,synthetic_climate_based
2025-10-26,Solapur,Maharashtra,17.6599,75.9064,0.4504458284949345,3.4444719956371914,synthetic_climate_based
2025-10-27,Solapur,Maharashtra,17.6599,75.9064,0.5167149502880055,2.9366244716899264,synthetic_climate_based
2025-10-28,Solapur,Maharashtra,17.6599,75.9064,0.42348046792320043,12.537741726180935,synthetic_climate_based
2025-10-29,Solapur,Maharashtra,17.6599,75.9064,0.5324018762156539,12.270076031872316,synthetic_climate_based
2025-10-30,Solapur,Maharashtra,17.6599,75.9064,0.38398766530964057,6.978151244773251,synthetic_climate_based
2025-10-31,Solapur,Maharashtra,17.6599,75.9064,0.37760182188073416,7.11242229693679,synthetic_climate_based
2025-11-01,Solapur,Maharashtra,17.6599,75.9064,0.4866995148211751,14.367618234319494,synthetic_climate_based
2025-11-02,Solapur,Maharashtra,17.6599,75.9064,0.43933265179980313,14.962375564517702,synthetic_climate_based
2025-11-03,Solapur,Maharashtra,17.6599,75.9064,0.5500444971283772,0.1172745409228293,synthetic_climate_based
2025-11-04,Solapur,Maharashtra,17.6599,75.9064,0.4305749623964924,1.4423909409558688,synthetic_climate_based
2025-11-05,Solapur,Maharashtra,17.6599,75.9064,0.5300072495737433,7.687270645139659,synthetic_climate_based
2025-11-06,Solapur,Maharashtra,17.6599,75.9064,0.43443988092415237,6.409792678872837,synthetic_climate_based
2025-11-07,Solapur,Maharashtra,17.6599,75.9064,0.5014475310423514,0.16891952459379078,synthetic_climate_based
2025-11-08,Solapur,Maharashtra,17.6599,75.9064,0.46738281397217324,10.18603852816665,synthetic_climate_based
2025-11-09,Solapur,Maharashtra,17.6599,75.9064,0.4313691774746596,7.295222889685769,synthetic_climate_based
2025-11-10,Solapur,Maharashtra,17.6599,75.9064,0.5103587755386636,8.420289486600709,synthetic_climate_based
2025-11-11,Solapur,Maharashtra,17.6599,75.9064,0.5065948342537157,13.03888878898011,synthetic_climate_based
2025-11-12,Solapur,Maharashtra,17.6599,75.9064,0.39416476706297543,8.475511095136312,synthetic_climate_based
2025-11-13,Solapur,Maharashtra,17.6599,75.9064,0.47471961352771896,6.143132496976678,synthetic_climate_based
2025-11-14,Solapur,Maharashtra,17.6599,75.9064,0.3815149191273713,9.210446002706961,synthetic_climate_based
2025-11-15,Solapur,Maharashtra,17.6599,75.9064,0.46814149318040477,7.224491869177598,synthetic_climate_based
2025-11-16,Solapur,Maharashtra,17.6599,75.9064,0.37816270678282593,7.747580313264265,synthetic_climate_based
2025-11-17,Solapur,Maharashtra,17.6599,75.9064,0.44901212376774197,7.96263436966702,synthetic_climate_based
2025-11-18,Solapur,Maharashtra,17.6599,75.9064,0.3554094944983345,1.911195175373444,synthetic_climate_based
2025-11-19,Solapur,Maharashtra,17.6599,75.9064,0.3692488874167832,5.8535809889493615,synthetic_climate_based
2025-11-20,Solapur,Maharashtra,17.6599,75.9064,0.4915692154751092,8.916485007368662,synthetic_climate_based
2025-11-21,Solapur,Maharashtra,17.6599,75.9064,0.35167462048181086,2.8523886524509194,synthetic_climate_based
2025-11-22,Solapur,Maharashtra,17.6599,75.9064,0.5355303847763536,9.040574419372184,synthetic_climate_based
2025-11-23,Solapur,Maharashtra,17.6599,75.9064,0.53422296141482,13.665073086137497,synthetic_climate_based
2025-11-24,Solapur,Maharashtra,17.6599,75.9064,0.5110136286608233,13.472460398383125,synthetic_climate_based
2025-11-25,Solapur,Maharashtra,17.6599,75.9064,0.41244731541367186,0.8251621712044227,synthetic_climate_based
2025-11-26,Solapur,Maharashtra,17.6599,75.9064,0.5059758697842207,5.739166250783802,synthetic_climate_based
2025-11-27,Solapur,Maharashtra,17.6599,75.9064,0.479711993601358,6.670197086982702,synthetic_climate_based
2025-11-28,Solapur,Maharashtra,17.6599,75.9064,0.46403367911475013,11.913236313387939,synthetic_climate_based
2025-11-29,Solapur,Maharashtra,17.6599,75.9064,0.4253111530071475,10.070469310074287,synthetic_climate_based
2025-11-30,Solapur,Maharashtra,17.6599,75.9064,0.4588711335404058,2.945162263406029,synthetic_climate_based
2025-12-01,Solapur,Maharashtra,17.6599,75.9064,0.4582176094481602,6.410128912945239,synthetic_climate_based
2025-12-02,Solapur,Maharashtra,17.6599,75.9064,0.34875773467576837,14.752824263197622,synthetic_climate_based
2025-12-03,Solapur,Maharashtra,17.6599,75.9064,0.44483762469688626,5.347851356721492,synthetic_climate_based
2025-12-04,Solapur,Maharashtra,17.6599,75.9064,0.486391818817111,0.4038387594598275,synthetic_climate_based
2025-12-05,Solapur,Maharashtra,17.6599,75.9064,0.31572443368438735,3.63727317171431,synthetic_climate_based
2025-12-06,Solapur,Maharashtra,17.6599,75.9064,0.35082840503574025,13.502551163952564,synthetic_climate_based
2025-12-07,Solapur,Maharashtra,17.6599,75.9064,0.3454825617523208,14.664904193820638,synthetic_climate_based
2025-12-08,Solapur,Maharashtra,17.6599,75.9064,0.3808667363128213,12.210892807188667,synthetic_climate_based
2025-12-09,Solapur,Maharashtra,17.6599,75.9064,0.48981172473045315,9.715342884771752,synthetic_climate_based
2025-12-10,Solapur,Maharashtra,17.6599,75.9064,0.40251503695765317,11.640152426949951,synthetic_climate_based
2025-12-11,Solapur,Maharashtra,17.6599,75.9064,0.4406812295916405,14.900388106820262,synthetic_climate_based
2025-12-12,Solapur,Maharashtra,17.6599,75.9064,0.4112040399300541,8.621526812025174,synthetic_climate_based
2025-12-13,Solapur,Maharashtra,17.6599,75.9064,0.336448162503983,0.25207432443541344,synthetic_climate_based
2025-12-14,Solapur,Maharashtra,17.6599,75.9064,0.4258719605062326,0.7999024357714657,synthetic_climate_based
2025-12-15,Solapur,Maharashtra,17.6599,75.9064,0.47370919077156526,14.489592663118597,synthetic_climate_based
2025-12-16,Solapur,Maharashtra,17.6599,75.9064,0.35367537667819793,1.622075143677565,synthetic_climate_based
2025-12-17,Solapur,Maharashtra,17.6599,75.9064,0.5257684513829062,1.8998143611970826,synthetic_climate_based
2025-12-18,Solapur,Maharashtra,17.6599,75.9064,0.43755854594627147,7.677795130754662,synthetic_climate_based
2025-12-19,Solapur,Maharashtra,17.6599,75.9064,0.47004916422080295,12.78089662268483,synthetic_climate_based
2025-12-20,Solapur,Maharashtra,17.6599,75.9064,0.3506746880670936,1.1912077131562686,synthetic_climate_based
2025-12-21,Solapur,Maharashtra,17.6599,75.9064,0.4312348348713109,14.705931438895103,synthetic_climate_based
2025-12-22,Solapur,Maharashtra,17.6599,75.9064,0.4650354569701823,0.7398984695692057,synthetic_climate_based
2025-12-23,Solapur,Maharashtra,17.6599,75.9064,0.4362869016910282,10.692790094576997,synthetic_climate_based
2025-12-24,Solapur,Maharashtra,17.6599,75.9064,0.39979329290216253,12.301582655072446,synthetic_climate_based
2025-12-25,Solapur,Maharashtra,17.6599,75.9064,0.4648101419493486,2.980411676709958,synthetic_climate_based
2025-12-26,Solapur,Maharashtra,17.6599,75.9064,0.41410135887025545,7.012469833122792,synthetic_climate_based
2025-12-27,Solapur,Maharashtra,17.6599,75.9064,0.42756539065716315,6.926741051800225,synthetic_climate_based
2025-12-28,Solapur,Maharashtra,17.6599,75.9064,0.4420659002214831,12.387716834842742,synthetic_climate_based
2025-12-29,Solapur,Maharashtra,17.6599,75.9064,0.3601526878976797,12.922617858995004,synthetic_climate_based
2025-12-30,Solapur,Maharashtra,17.6599,75.9064,0.3946049285942389,10.344584183458524,synthetic_climate_based
2025-12-31,Solapur,Maharashtra,17.6599,75.9064,0.4728037855006254,12.488434406842238,synthetic_climate_based
2026-01-01,Solapur,Maharashtra,17.6599,75.9064,0.4255847518452925,4.02466163685559,synthetic_climate_based
2026-01-02,Solapur,Maharashtra,17.6599,75.9064,0.3234537088368653,1.0966058352291896,synthetic_climate_based
2026-01-03,Solapur,Maharashtra,17.6599,75.9064,0.43334089211957433,8.61787863967223,synthetic_climate_based
2026-01-04,Solapur,Maharashtra,17.6599,75.9064,0.49931675459858327,14.759183993675776,synthetic_climate_based
2026-01-05,Solapur,Maharashtra,17.6599,75.9064,0.497193130774969,7.350694730032226,synthetic_climate_based
2026-01-06,Solapur,Maharashtra,17.6599,75.9064,0.40081727627270625,5.370649497405598,synthetic_climate_based
2026-01-07,Solapur,Maharashtra,17.6599,75.9064,0.431789863874127,11.280258519985612,synthetic_climate_based
2026-01-08,Solapur,Maharashtra,17.6599,75.9064,0.44991881202181755,10.257928775241822,synthetic_climate_based
2026-01-09,Solapur,Maharashtra,17.6599,75.9064,0.32680166729281085,11.514017378354497,synthetic_climate_based
2026-01-10,Solapur,Maharashtra,17.6599,75.9064,0.3923082559013454,8.285205053310964,synthetic_climate_based
2026-01-11,Solapur,Maharashtra,17.6599,75.9064,0.5396169441027171,0.10752056365222085,synthetic_climate_based
2026-01-12,Solapur,Maharashtra,17.6599,75.9064,0.4054008575751244,2.0449120694722374,synthetic_climate_based
2026-01-13,Solapur,Maharashtra,17.6599,75.9064,0.4107220291900307,8.533876522900654,synthetic_climate_based
2026-01-14,Solapur,Maharashtra,17.6599,75.9064,0.2994039512357283,7.410331622613787,synthetic_climate_based
2026-01-15,Solapur,Maharashtra,17.6599,75.9064,0.4173020600202776,11.11209513302407,synthetic_climate_based
2026-01-16,Solapur,Maharashtra,17.6599,75.9064,0.4270277151398652,9.821145884575408,synthetic_climate_based
2026-01-17,Solapur,Maharashtra,17.6599,75.9064,0.3996026973495702,14.914339081389613,synthetic_climate_based
2026-01-18,Solapur,Maharashtra,17.6599,75.9064,0.4602365056209537,13.957542662044116,synthetic_climate_based
2026-01-19,Solapur,Maharashtra,17.6599,75.9064,0.4503616720868367,1.1080884124679495,synthetic_climate_based
2026-01-20,Solapur,Maharashtra,17.6599,75.9064,0.26005129218517165,8.692942152518917,synthetic_climate_based
2026-01-21,Solapur,Maharashtra,17.6599,75.9064,0.5266566544738913,2.732454134687576,synthetic_climate_based
2026-01-22,Solapur,Maharashtra,17.6599,75.9064,0.37059636651515526,10.029976680281319,synthetic_climate_based
2026-01-23,Solapur,Maharashtra,17.6599,75.9064,0.4128165262822331,3.0389353284713727,synthetic_climate_based
2026-01-24,Solapur,Maharashtra,17.6599,75.9064,0.4396285100527685,4.955501953485945,synthetic_climate_based
2026-01-25,Solapur,Maharashtra,17.6599,75.9064,0.3618372601795741,0.8744420636414862,synthetic_climate_based
2026-01-26,Solapur,Maharashtra,17.6599,75.9064,0.4177345288380096,1.6229023709385226,synthetic_climate_based
2026-01-27,Solapur,Maharashtra,17.6599,75.9064,0.43244346589509663,13.25237164900136,synthetic_climate_based
2026-01-28,Solapur,Maharashtra,17.6599,75.9064,0.31779926446376777,0.672193740981552,synthetic_climate_based
2026-01-29,Solapur,Maharashtra,17.6599,75.9064,0.4960214028682194,13.931681402114808,synthetic_climate_based
2026-01-30,Solapur,Maharashtra,17.6599,75.9064,0.42531043176995004,14.854377539350914,synthetic_climate_based
2026-01-31,Solapur,Maharashtra,17.6599,75.9064,0.5297931861556894,3.330651791389099,synthetic_climate_based
2026-02-01,Solapur,Maharashtra,17.6599,75.9064,0.39937837392175496,11.60159359874128,synthetic_climate_based
2026-02-02,Solapur,Maharashtra,17.6599,75.9064,0.34226573193686527,3.9143596080441045,synthetic_climate_based
2026-02-03,Solapur,Maharashtra,17.6599,75.9064,0.3971137227079962,1.3498898424770378,synthetic_climate_based
2026-02-04,Solapur,Maharashtra,17.6599,75.9064,0.43222549722598674,7.477817257375598,synthetic_climate_based
2026-02-05,Solapur,Maharashtra,17.6599,75.9064,0.36745525505905285,10.536669070296451,synthetic_climate_based
2026-02-06,Solapur,Maharashtra,17.6599,75.9064,0.3774531532428349,9.108054144846676,synthetic_climate_based
2026-02-07,Solapur,Maharashtra,17.6599,75.9064,0.46406067772915904,9.046242809019812,synthetic_climate_based
2026-02-08,Solapur,Maharashtra,17.6599,75.9064,0.4155329959909264,0.3987377891113958,synthetic_climate_based
2026-02-09,Solapur,Maharashtra,17.6599,75.9064,0.43656063461123884,8.897345570279464,synthetic_climate_based
2026-02-10,Solapur,Maharashtra,17.6599,75.9064,0.4887732396990035,11.72195559908781,synthetic_climate_based
2026-02-11,Solapur,Maharashtra,17.6599,75.9064,0.3385457325497098,0.06648807545099777,synthetic_climate_based
2026-02-12,Solapur,Maharashtra,17.6599,75.9064,0.49806463635838183,0.763948839371289,synthetic_climate_based
2026-02-13,Solapur,Maharashtra,17.6599,75.9064,0.42998647183100325,0.49725197680383415,synthetic_climate_based
2026-02-14,Solapur,Maharashtra,17.6599,75.9064,0.37695428018740623,10.26556015885491,synthetic_climate_based
2026-02-15,Solapur,Maharashtra,17.6599,75.9064,0.41806877645895746,7.106405081325216,synthetic_climate_based
2026-02-16,Solapur,Maharashtra,17.6599,75.9064,0.4877471787393692,2.621423367138573,synthetic_climate_based
2026-02-17,Solapur,Maharashtra,17.6599,75.9064,0.4746388069367304,5.652091243198695,synthetic_climate_based
2026-02-18,Solapur,Maharashtra,17.6599,75.9064,0.5174507625258724,4.534498141936734,synthetic_climate_based
2026-02-19,Solapur,Maharashtra,17.6599,75.9064,0.42278884870115785,8.300252563592656,synthetic_climate_based
2026-02-20,Solapur,Maharashtra,17.6599,75.9064,0.5597846034760716,10.073310999835831,synthetic_climate_based
2026-02-21,Solapur,Maharashtra,17.6599,75.9064,0.4843051756384575,13.729524154886256,synthetic_climate_based
2026-02-22,Solapur,Maharashtra,17.6599,75.9064,0.3817885920654245,4.491549373889127,synthetic_climate_based
2026-02-23,Solapur,Maharashtra,17.6599,75.9064,0.424280788546857,9.466540244052647,synthetic_climate_based
2026-02-24,Solapur,Maharashtra,17.6599,75.9064,0.5015939338015651,11.8627390085524,synthetic_climate_based
2026-02-25,Solapur,Maharashtra,17.6599,75.9064,0.5466927524958182,2.783724685403524,synthetic_climate_based
2026-02-26,Solapur,Maharashtra,17.6599,75.9064,0.349216946458859,5.40029568942496,synthetic_climate_based
2026-02-27,Solapur,Maharashtra,17.6599,75.9064,0.45319399084446876,9.370721734995195,synthetic_climate_based
2026-02-28,Solapur,Maharashtra,17.6599,75.9064,0.3934726300122782,11.773063133591284,synthetic_climate_based
2026-03-01,Solapur,Maharashtra,17.6599,75.9064,0.533332040050557,10.568806083382597,synthetic_climate_based
2026-03-02,Solapur,Maharashtra,17.6599,75.9064,0.564873470555095,1.9622266794333592,synthetic_climate_based
2026-03-03,Solapur,Maharashtra,17.6599,75.9064,0.3985697082179839,4.3355737888615895,synthetic_climate_based
2026-03-04,Solapur,Maharashtra,17.6599,75.9064,0.5160903709193031,7.512515168049295,synthetic_climate_based
2026-03-05,Solapur,Maharashtra,17.6599,75.9064,0.35439268195077234,13.73621144819114,synthetic_climate_based
2026-03-06,Solapur,Maharashtra,17.6599,75.9064,0.365739442528601,4.58652078349039,synthetic_climate_based
2026-03-07,Solapur,Maharashtra,17.6599,75.9064,0.415604563438492,1.3002245229898834,synthetic_climate_based
2026-03-08,Solapur,Maharashtra,17.6599,75.9064,0.4996891359715803,3.5049009363122323,synthetic_climate_based
2026-03-09,Solapur,Maharashtra,17.6599,75.9064,0.473929273557982,13.817233284731469,synthetic_climate_based
2026-03-10,Solapur,Maharashtra,17.6599,75.9064,0.5574467229480373,8.83189762116823,synthetic_climate_based
2026-03-11,Solapur,Maharashtra,17.6599,75.9064,0.4876123650245261,8.12997376829568,synthetic_climate_based
2026-03-12,Solapur,Maharashtra,17.6599,75.9064,0.4899421104468264,9.310469845412074,synthetic_climate_based
2026-03-13,Solapur,Maharashtra,17.6599,75.9064,0.44307873676463516,8.650198447595447,synthetic_climate_based
2026-03-14,Solapur,Maharashtra,17.6599,75.9064,0.519743708102704,0.7724107567281674,synthetic_climate_based
2026-03-15,Solapur,Maharashtra,17.6599,75.9064,0.44342583603528773,3.6498704567531446,synthetic_climate_based
2026-03-16,Solapur,Maharashtra,17.6599,75.9064,0.4698148713843602,5.998436347280599,synthetic_climate_based
2026-03-17,Solapur,Maharashtra,17.6599,75.9064,0.47330113058645024,8.684724463642839,synthetic_climate_based
2026-03-18,Solapur,Maharashtra,17.6599,75.9064,0.640584169790585,1.0485439190880175,synthetic_climate_based
2026-03-19,Solapur,Maharashtra,17.6599,75.9064,0.48221061419868233,4.0077858297519615,synthetic_climate_based
2026-03-20,Solapur,Maharashtra,17.6599,75.9064,0.5302830784673851,0.8945180674510517,synthetic_climate_based
2026-03-21,Solapur,Maharashtra,17.6599,75.9064,0.45227336176554533,0.9020331946814858,synthetic_climate_based
2026-03-22,Solapur,Maharashtra,17.6599,75.9064,0.5658831048135904,12.770342412746484,synthetic_climate_based
2026-03-23,Solapur,Maharashtra,17.6599,75.9064,0.525292940957915,7.139087961294369,synthetic_climate_based
2026-03-24,Solapur,Maharashtra,17.6599,75.9064,0.5437423256135483,14.068688074755581,synthetic_climate_based
2026-03-25,Solapur,Maharashtra,17.6599,75.9064,0.4780183668860922,9.721545927164671,synthetic_climate_based
2026-03-26,Solapur,Maharashtra,17.6599,75.9064,0.5587981028261206,5.687397068233711,synthetic_climate_based
2026-03-27,Solapur,Maharashtra,17.6599,75.9064,0.5278188874494277,4.014423506070319,synthetic_climate_based
2026-03-28,Solapur,Maharashtra,17.6599,75.9064,0.6435795865550379,2.767027035822764,synthetic_climate_based
2026-03-29,Solapur,Maharashtra,17.6599,75.9064,0.5725862468599048,0.8729670510866028,synthetic_climate_based
2026-03-30,Solapur,Maharashtra,17.6599,75.9064,0.5321805456302133,12.384614711876264,synthetic_climate_based
2026-03-31,Solapur,Maharashtra,17.6599,75.9064,0.6193666527009626,1.2078399674805955,synthetic_climate_based
2026-04-01,Solapur,Maharashtra,17.6599,75.9064,0.5032700863710764,13.784225323968075,synthetic_climate_based
2026-04-02,Solapur,Maharashtra,17.6599,75.9064,0.5398254657680253,1.4408826196220286,synthetic_climate_based
2026-04-03,Solapur,Maharashtra,17.6599,75.9064,0.5486805690411045,14.111951420698617,synthetic_climate_based
2026-04-04,Solapur,Maharashtra,17.6599,75.9064,0.509859941041996,11.355624682056671,synthetic_climate_based
2026-04-05,Solapur,Maharashtra,17.6599,75.9064,0.6005022026696327,9.38965772860702,synthetic_climate_based
2026-04-06,Solapur,Maharashtra,17.6599,75.9064,0.4794968782146142,8.80564976599474,synthetic_climate_based
2026-04-07,Solapur,Maharashtra,17.6599,75.9064,0.6458573562270623,13.569542683653122,synthetic_climate_based
2026-04-08,Solapur,Maharashtra,17.6599,75.9064,0.4749862980713391,13.598787175521784,synthetic_climate_based
2026-04-09,Solapur,Maharashtra,17.6599,75.9064,0.5398564791385971,5.131909406402835,synthetic_climate_based
2026-04-10,Solapur,Maharashtra,17.6599,75.9064,0.5659499878220168,8.354911376155208,synthetic_climate_based
2026-04-11,Solapur,Maharashtra,17.6599,75.9064,0.611863710954563,0.7238472085973552,synthetic_climate_based
2026-04-12,Solapur,Maharashtra,17.6599,75.9064,0.5647076509048933,6.9418106116707055,synthetic_climate_based
2026-04-13,Solapur,Maharashtra,17.6599,75.9064,0.5858995694048168,0.5265579389161684,synthetic_climate_based
2026-04-14,Solapur,Maharashtra,17.6599,75.9064,0.5887267063963106,4.353900674970133,synthetic_climate_based
2026-04-15,Solapur,Maharashtra,17.6599,75.9064,0.5571950837908975,11.067370758760399,synthetic_climate_based
2026-04-16,Solapur,Maharashtra,17.6599,75.9064,0.4933441239101778,3.3308754437494823,synthetic_climate_based
2026-04-17,Solapur,Maharashtra,17.6599,75.9064,0.5079241320799357,7.036955236609669,synthetic_climate_based
2026-04-18,Solapur,Maharashtra,17.6599,75.9064,0.4973907916078305,6.898852819523685,synthetic_climate_based
2026-04-19,Solapur,Maharashtra,17.6599,75.9064,0.47466432039136613,9.488385227156273,synthetic_climate_based
2026-04-20,Solapur,Maharashtra,17.6599,75.9064,0.4786160888636404,9.826709830870803,synthetic_climate_based
2026-04-21,Solapur,Maharashtra,17.6599,75.9064,0.43715830509848386,3.55480444202657,synthetic_climate_based
2026-04-22,Solapur,Maharashtra,17.6599,75.9064,0.6175833627938004,3.251768606975134,synthetic_climate_based
2026-04-23,Solapur,Maharashtra,17.6599,75.9064,0.6712720957190071,13.296178304684577,synthetic_climate_based
2026-04-24,Solapur,Maharashtra,17.6599,75.9064,0.5098317838102382,5.087037622832339,synthetic_climate_based
2026-04-25,Solapur,Maharashtra,17.6599,75.9064,0.5404164738536609,7.916548029919276,synthetic_climate_based
2026-04-26,Solapur,Maharashtra,17.6599,75.9064,0.5774770141776872,12.674287532658989,synthetic_climate_based
2026-04-27,Solapur,Maharashtra,17.6599,75.9064,0.5872624574435933,8.62198431445529,synthetic_climate_based
2026-04-28,Solapur,Maharashtra,17.6599,75.9064,0.5431214610273856,4.0649248843624965,synthetic_climate_based
2026-04-29,Solapur,Maharashtra,17.6599,75.9064,0.5617867086153632,6.862018609239182,synthetic_climate_based
2026-04-30,Solapur,Maharashtra,17.6599,75.9064,0.5646855830340458,4.242359262538891,synthetic_climate_based
2026-05-01,Solapur,Maharashtra,17.6599,75.9064,0.6143802165688045,8.61056960849293,synthetic_climate_based
2026-05-02,Solapur,Maharashtra,17.6599,75.9064,0.6570910619906112,14.193071890031305,synthetic_climate_based
2026-05-03,Solapur,Maharashtra,17.6599,75.9064,0.5725631413685909,2.54753119595088,synthetic_climate_based
2026-05-04,Solapur,Maharashtra,17.6599,75.9064,0.3976002839877699,9.894783642508912,synthetic_climate_based
2026-05-05,Solapur,Maharashtra,17.6599,75.9064,0.5599805925222276,1.9181587947187995,synthetic_climate_based
2026-05-06,Solapur,Maharashtra,17.6599,75.9064,0.6566196603773139,11.265654157772987,synthetic_climate_based
2026-05-07,Solapur,Maharashtra,17.6599,75.9064,0.6267291839918865,5.151285932175132,synthetic_climate_based
2026-05-08,Solapur,Maharashtra,17.6599,75.9064,0.76700037260315,11.824683003106532,synthetic_climate_based
2026-05-09,Solapur,Maharashtra,17.6599,75.9064,0.6033954326657484,11.406795535159487,synthetic_climate_based
2026-05-10,Solapur,Maharashtra,17.6599,75.9064,0.5761943508727967,4.3403602774331365,synthetic_climate_based
2026-05-11,Solapur,Maharashtra,17.6599,75.9064,0.5694546219564536,5.8465304940625975,synthetic_climate_based
2026-05-12,Solapur,Maharashtra,17.6599,75.9064,0.5955432950660895,11.152089410684713,synthetic_climate_based
2026-05-13,Solapur,Maharashtra,17.6599,75.9064,0.6193508340278399,0.285336493879782,synthetic_climate_based
2026-05-14,Solapur,Maharashtra,17.6599,75.9064,0.6196630957097334,0.5129927874068857,synthetic_climate_based
2026-05-15,Solapur,Maharashtra,17.6599,75.9064,0.7089669704269727,2.2387320987543973,synthetic_climate_based
2026-05-16,Solapur,Maharashtra,17.6599,75.9064,0.591385054423049,9.700195983369383,synthetic_climate_based
2026-05-17,Solapur,Maharashtra,17.6599,75.9064,0.6218083925421458,4.585260388057092,synthetic_climate_based
2026-05-18,Solapur,Maharashtra,17.6599,75.9064,0.5633852664165788,13.524049065309033,synthetic_climate_based
2026-05-19,Solapur,Maharashtra,17.6599,75.9064,0.5825846685168277,5.036382696436618,synthetic_climate_based
2026-05-20,Solapur,Maharashtra,17.6599,75.9064,0.6111973945246426,1.0838272019135875,synthetic_climate_based
2026-05-21,Solapur,Maharashtra,17.6599,75.9064,0.6374778562076309,2.4347513955923934,synthetic_climate_based
2026-05-22,Solapur,Maharashtra,17.6599,75.9064,0.5389667745640653,1.961329527384783,synthetic_climate_based
2026-05-23,Solapur,Maharashtra,17.6599,75.9064,0.6591042842742144,7.508523004480253,synthetic_climate_based
2026-05-24,Solapur,Maharashtra,17.6599,75.9064,0.70530035186138,8.255795135523009,synthetic_climate_based
2026-05-25,Solapur,Maharashtra,17.6599,75.9064,0.6488888310835561,14.163011331087835,synthetic_climate_based
2026-05-26,Solapur,Maharashtra,17.6599,75.9064,0.6202425094130074,6.750146898744761,synthetic_climate_based
2026-05-27,Solapur,Maharashtra,17.6599,75.9064,0.6002103736820718,5.364962251520418,synthetic_climate_based
2026-05-28,Solapur,Maharashtra,17.6599,75.9064,0.5485537858390813,4.5676466801375195,synthetic_climate_based
2026-05-29,Solapur,Maharashtra,17.6599,75.9064,0.663296378421415,0.7151769832023114,synthetic_climate_based
2026-05-30,Solapur,Maharashtra,17.6599,75.9064,0.6278536622671808,2.0674910943320706,synthetic_climate_based
2026-05-31,Solapur,Maharashtra,17.6599,75.9064,0.6845419419563157,8.338196542981388,synthetic_climate_based
2026-06-01,Solapur,Maharashtra,17.6599,75.9064,0.5344396946357107,14.660802152250097,synthetic_climate_based
2026-06-02,Solapur,Maharashtra,17.6599,75.9064,0.5895930606204572,5.483612525694667,synthetic_climate_based
2026-06-03,Solapur,Maharashtra,17.6599,75.9064,0.78004038080116,12.293351494535688,synthetic_climate_based
2026-06-04,Solapur,Maharashtra,17.6599,75.9064,0.7393253246384985,13.483442569543262,synthetic_climate_based
2026-06-05,Solapur,Maharashtra,17.6599,75.9064,0.85,1.7239081593989707,synthetic_climate_based
2026-06-06,Solapur,Maharashtra,17.6599,75.9064,0.5580670017205612,13.167531047365046,synthetic_climate_based
2026-06-07,Solapur,Maharashtra,17.6599,75.9064,0.6740007631886056,12.741321874338594,synthetic_climate_based
2026-06-08,Solapur,Maharashtra,17.6599,75.9064,0.7588595217927867,11.591159085958349,synthetic_climate_based
2026-06-09,Solapur,Maharashtra,17.6599,75.9064,0.575260619255148,8.101916722250596,synthetic_climate_based
2026-06-10,Solapur,Maharashtra,17.6599,75.9064,0.6292019132865967,10.94725864219937,synthetic_climate_based
2026-06-11,Solapur,Maharashtra,17.6599,75.9064,0.7298133406176659,11.29140776892763,synthetic_climate_based
2026-06-12,Solapur,Maharashtra,17.6599,75.9064,0.6142562175955816,13.155656568005812,synthetic_climate_based
2026-06-13,Solapur,Maharashtra,17.6599,75.9064,0.691343567824928,2.2791619571506394,synthetic_climate_based
2026-06-14,Solapur,Maharashtra,17.6599,75.9064,0.6397536464396648,3.1738011078246258,synthetic_climate_based
2026-06-15,Solapur,Maharashtra,17.6599,75.9064,0.6516983199214725,5.786626371124605,synthetic_climate_based
2026-06-16,Solapur,Maharashtra,17.6599,75.9064,0.6126005116385144,7.259821470072593,synthetic_climate_based
2026-06-17,Solapur,Maharashtra,17.6599,75.9064,0.6177520912636891,6.252230828497505,synthetic_climate_based
2026-06-18,Solapur,Maharashtra,17.6599,75.9064,0.6441976442447884,1.460034695746002,synthetic_climate_based
2026-06-19,Solapur,Maharashtra,17.6599,75.9064,0.7459451200247577,3.067488169897476,synthetic_climate_based
2026-06-20,Solapur,Maharashtra,17.6599,75.9064,0.5091083726992055,5.805882205119249,synthetic_climate_based
2026-06-21,Solapur,Maharashtra,17.6599,75.9064,0.6883061612191784,2.957592150788261,synthetic_climate_based
2026-06-22,Solapur,Maharashtra,17.6599,75.9064,0.5533976268666981,4.8409330522276255,synthetic_climate_based
2026-06-23,Solapur,Maharashtra,17.6599,75.9064,0.7757843726396221,3.4011963822530595,synthetic_climate_based
2026-06-24,Solapur,Maharashtra,17.6599,75.9064,0.6532880079519652,13.420881579835374,synthetic_climate_based
2026-06-25,Solapur,Maharashtra,17.6599,75.9064,0.76049153085511,9.966350889372379,synthetic_climate_based
2026-06-26,Solapur,Maharashtra,17.6599,75.9064,0.718166432115431,11.433266098856512,synthetic_climate_based
2026-06-27,Solapur,Maharashtra,17.6599,75.9064,0.6261133021933687,10.27012021789265,synthetic_climate_based
2026-06-28,Solapur,Maharashtra,17.6599,75.9064,0.5029346411114947,2.3892060007397964,synthetic_climate_based
2026-06-29,Solapur,Maharashtra,17.6599,75.9064,0.6169493488483039,2.7108691876152218,synthetic_climate_based
2026-06-30,Solapur,Maharashtra,17.6599,75.9064,0.7324490629278609,11.590232932485693,synthetic_climate_based
2026-07-01,Solapur,Maharashtra,17.6599,75.9064,0.5461671470361631,4.636400346884221,synthetic_climate_based
2026-07-02,Solapur,Maharashtra,17.6599,75.9064,0.5887922353588809,13.371247038780995,synthetic_climate_based
2026-07-03,Solapur,Maharashtra,17.6599,75.9064,0.670280393448476,2.667097299557049,synthetic_climate_based
2026-07-04,Solapur,Maharashtra,17.6599,75.9064,0.5815592451943468,2.870644473700335,synthetic_climate_based
2026-07-05,Solapur,Maharashtra,17.6599,75.9064,0.5349770989929716,10.707126060127962,synthetic_climate_based
2026-07-06,Solapur,Maharashtra,17.6599,75.9064,0.7267785920320599,14.476761146836497,synthetic_climate_based
2026-07-07,Solapur,Maharashtra,17.6599,75.9064,0.5932154063680033,4.515019105456537,synthetic_climate_based
2026-07-08,Solapur,Maharashtra,17.6599,75.9064,0.6538589242620954,5.599004559814082,synthetic_climate_based
2026-07-09,Solapur,Maharashtra,17.6599,75.9064,0.5993958481301899,0.9098505867023021,synthetic_climate_based
2026-07-10,Solapur,Maharashtra,17.6599,75.9064,0.7566517570225898,9.493856508923859,synthetic_climate_based
2026-07-11,Solapur,Maharashtra,17.6599,75.9064,0.6847455766487939,12.94359885008133,synthetic_climate_based
2026-07-12,Solapur,Maharashtra,17.6599,75.9064,0.602055582376609,5.622859211082927,synthetic_climate_based
2026-07-13,Solapur,Maharashtra,17.6599,75.9064,0.6077541086996253,13.660801765426276,synthetic_climate_based
2026-07-14,Solapur,Maharashtra,17.6599,75.9064,0.7478498545157165,14.52885546577105,synthetic_climate_based
2026-07-15,Solapur,Maharashtra,17.6599,75.9064,0.6350833679803467,11.640820612512305,synthetic_climate_based
2026-07-16,Solapur,Maharashtra,17.6599,75.9064,0.6991993676767293,3.7978165796201484,synthetic_climate_based
2026-07-17,Solapur,Maharashtra,17.6599,75.9064,0.6895670764415878,11.045575004846095,synthetic_climate_based
2026-07-18,Solapur,Maharashtra,17.6599,75.9064,0.6173528387181366,14.06076384104527,synthetic_climate_based
2026-07-19,Solapur,Maharashtra,17.6599,75.9064,0.6163888780005408,4.316090272946237,synthetic_climate_based
2026-07-20,Solapur,Maharashtra,17.6599,75.9064,0.7734433870189382,11.52614088848549,synthetic_climate_based
2026-07-21,Solapur,Maharashtra,17.6599,75.9064,0.6461234729992543,1.666783976131373,synthetic_climate_based
2026-07-22,Solapur,Maharashtra,17.6599,75.9064,0.7716418862961956,11.917927345207604,synthetic_climate_based
2026-07-23,Solapur,Maharashtra,17.6599,75.9064,0.714892474360496,13.518406798285728,synthetic_climate_based
2026-07-24,Solapur,Maharashtra,17.6599,75.9064,0.6411227083459976,5.787882631127023,synthetic_climate_based
2026-07-25,Solapur,Maharashtra,17.6599,75.9064,0.6017090259744555,7.086698647085806,synthetic_climate_based
2026-07-26,Solapur,Maharashtra,17.6599,75.9064,0.5176167330970786,0.2266685981634986,synthetic_climate_based
2026-07-27,Solapur,Maharashtra,17.6599,75.9064,0.6168796681075575,3.095486235934801,synthetic_climate_based
2026-07-28,Solapur,Maharashtra,17.6599,75.9064,0.7338426288203234,13.049453830812595,synthetic_climate_based
2026-07-29,Solapur,Maharashtra,17.6599,75.9064,0.48480506713206284,13.11300883651354,synthetic_climate_based
2026-07-30,Solapur,Maharashtra,17.6599,75.9064,0.6080327350000216,2.461643419887205,synthetic_climate_based
2026-07-31,Solapur,Maharashtra,17.6599,75.9064,0.5616487875482452,4.608400801692877,synthetic_climate_based
2026-08-01,Solapur,Maharashtra,17.6599,75.9064,0.633277804539735,5.383553475545602,synthetic_climate_based
2026-08-02,Solapur,Maharashtra,17.6599,75.9064,0.5628071441211902,0.6014082443920604,synthetic_climate_based
2026-08-03,Solapur,Maharashtra,17.6599,75.9064,0.636113699645953,9.21246440833581,synthetic_climate_based
2026-08-04,Solapur,Maharashtra,17.6599,75.9064,0.6936542554111166,3.7251823396871786,synthetic_climate_based
2026-08-05,Solapur,Maharashtra,17.6599,75.9064,0.5593724516595582,8.837510803140097,synthetic_climate_based
2026-08-06,Solapur,Maharashtra,17.6599,75.9064,0.5586929371510201,10.187226728698537,synthetic_climate_based
2026-08-07,Solapur,Maharashtra,17.6599,75.9064,0.6257690837904826,10.969811981695067,synthetic_climate_based
2026-08-08,Solapur,Maharashtra,17.6599,75.9064,0.6922531785483809,14.679328952677634,synthetic_climate_based
2026-08-09,Solapur,Maharashtra,17.6599,75.9064,0.6104053211986388,1.8740113444107942,synthetic_climate_based
2026-08-10,Solapur,Maharashtra,17.6599,75.9064,0.6289558039769192,13.665891028903598,synthetic_climate_based
2026-08-11,Solapur,Maharashtra,17.6599,75.9064,0.5060699915637621,5.172039180104941,synthetic_climate_based
2026-08-12,Solapur,Maharashtra,17.6599,75.9064,0.5247155722901552,5.178308786353124,synthetic_climate_based
2026-08-13,Solapur,Maharashtra,17.6599,75.9064,0.596042362361085,6.18561958062115,synthetic_climate_based
2026-08-14,Solapur,Maharashtra,17.6599,75.9064,0.5507358283280896,3.806114099744142,synthetic_climate_based
2026-08-15,Solapur,Maharashtra,17.6599,75.9064,0.6534709812208555,6.079281146079653,synthetic_climate_based
2026-08-16,Solapur,Maharashtra,17.6599,75.9064,0.7936160006257768,0.640608936202065,synthetic_climate_based
2026-08-17,Solapur,Maharashtra,17.6599,75.9064,0.6247780625568734,4.1997872247995645,synthetic_climate_based
2026-08-18,Solapur,Maharashtra,17.6599,75.9064,0.5784247816038559,6.527733441513284,synthetic_climate_based
2026-08-19,Solapur,Maharashtra,17.6599,75.9064,0.6539311220713838,7.548048081026481,synthetic_climate_based
2026-08-20,Solapur,Maharashtra,17.6599,75.9064,0.6417197198293396,11.21957215961307,synthetic_climate_based
2026-08-21,Solapur,Maharashtra,17.6599,75.9064,0.5770519070360871,7.448175313036191,synthetic_climate_based
2026-08-22,Solapur,Maharashtra,17.6599,75.9064,0.5337859413048522,1.7774801025094256,synthetic_climate_based
2026-08-23,Solapur,Maharashtra,17.6599,75.9064,0.6944746564367025,12.140805822833384,synthetic_climate_based
2026-08-24,Solapur,Maharashtra,17.6599,75.9064,0.5949899036940787,12.358643538541669,synthetic_climate_based
2026-08-25,Solapur,Maharashtra,17.6599,75.9064,0.5829563540948478,8.05478059307388,synthetic_climate_based
2026-08-26,Solapur,Maharashtra,17.6599,75.9064,0.5567165640351913,5.116205642805032,synthetic_climate_based
2026-08-27,Solapur,Maharashtra,17.6599,75.9064,0.6518431481643463,11.09623901586411,synthetic_climate_based
2026-08-28,Solapur,Maharashtra,17.6599,75.9064,0.5913210523219404,6.722689078675659,synthetic_climate_based
2026-08-29,Solapur,Maharashtra,17.6599,75.9064,0.5137458021970706,8.751195709841209,synthetic_climate_based
2026-08-30,Solapur,Maharashtra,17.6599,75.9064,0.6647547351849332,12.216813087719158,synthetic_climate_based
2026-08-31,Solapur,Maharashtra,17.6599,75.9064,0.5147152670450387,0.26921103244742395,synthetic_climate_based
2026-09-01,Solapur,Maharashtra,17.6599,75.9064,0.69432552939896,6.769793608085034,synthetic_climate_based
2026-09-02,Solapur,Maharashtra,17.6599,75.9064,0.6905763851475599,11.52767577425537,synthetic_climate_based
2026-09-03,Solapur,Maharashtra,17.6599,75.9064,0.5338963510284085,4.209450278341599,synthetic_climate_based
2026-09-04,Solapur,Maharashtra,17.6599,75.9064,0.48211694785856896,0.18825171057957224,synthetic_climate_based
2026-09-05,Solapur,Maharashtra,17.6599,75.9064,0.5071161103638451,9.434613718058728,synthetic_climate_based
2026-09-06,Solapur,Maharashtra,17.6599,75.9064,0.6117095196006855,14.539964846215007,synthetic_climate_based
2026-09-07,Solapur,Maharashtra,17.6599,75.9064,0.42731944590236837,14.748460100141807,synthetic_climate_based
2026-09-08,Solapur,Maharashtra,17.6599,75.9064,0.4913993013728613,7.5654682391260435,synthetic_climate_based
2026-09-09,Solapur,Maharashtra,17.6599,75.9064,0.6035812593683756,9.755766508068309,synthetic_climate_based
2026-09-10,Solapur,Maharashtra,17.6599,75.9064,0.7188159834954915,3.8086145030804808,synthetic_climate_based
2026-09-11,Solapur,Maharashtra,17.6599,75.9064,0.5080033346281372,3.8192692339714878,synthetic_climate_based
2026-09-12,Solapur,Maharashtra,17.6599,75.9064,0.6532013151708875,5.938936761785769,synthetic_climate_based
2026-09-13,Solapur,Maharashtra,17.6599,75.9064,0.5312521103758915,5.49558664244347,synthetic_climate_based
2026-09-14,Solapur,Maharashtra,17.6599,75.9064,0.48970555430563356,3.469034315913715,synthetic_climate_based
2026-09-15,Solapur,Maharashtra,17.6599,75.9064,0.4942052821578429,2.4759780066356307,synthetic_climate_based
2026-09-16,Solapur,Maharashtra,17.6599,75.9064,0.5057965031459442,14.576637101169826,synthetic_climate_based
2026-09-17,Solapur,Maharashtra,17.6599,75.9064,0.5824438947735259,8.042638604928989,synthetic_climate_based
2026-09-18,Solapur,Maharashtra,17.6599,75.9064,0.5493688374170059,12.677935542288115,synthetic_climate_based
2026-09-19,Solapur,Maharashtra,17.6599,75.9064,0.6087754398549938,7.095243638782463,synthetic_climate_based
2026-09-20,Solapur,Maharashtra,17.6599,75.9064,0.5799128030306964,4.555619527565755,synthetic_climate_based
2026-09-21,Solapur,Maharashtra,17.6599,75.9064,0.571767608616098,5.345230096939423,synthetic_climate_based
2026-09-22,Solapur,Maharashtra,17.6599,75.9064,0.5367004898635611,7.480972516512373,synthetic_climate_based
2026-09-23,Solapur,Maharashtra,17.6599,75.9064,0.5498653939209927,5.169141285227691,synthetic_climate_based
2026-09-24,Solapur,Maharashtra,17.6599,75.9064,0.5238889232832277,9.118297552616767,synthetic_climate_based
2026-09-25,Solapur,Maharashtra,17.6599,75.9064,0.5435289121254352,8.990004048682307,synthetic_climate_based
2026-09-26,Solapur,Maharashtra,17.6599,75.9064,0.5669052364873189,6.442373317082937,synthetic_climate_based
2026-09-27,Solapur,Maharashtra,17.6599,75.9064,0.5737668681861571,10.462003998018348,synthetic_climate_based
2026-09-28,Solapur,Maharashtra,17.6599,75.9064,0.5581455276521101,8.138849574446084,synthetic_climate_based
2026-09-29,Solapur,Maharashtra,17.6599,75.9064,0.6201486092369021,11.667605805003857,synthetic_climate_based
2026-09-30,Solapur,Maharashtra,17.6599,75.9064,0.48582934732826233,14.780663301019553,synthetic_climate_based
