system_index,latitude,longitude,ndvi,region
0,12.392663586306652,76.80519322422758,0.5754717,Mandya
1,12.392663586306652,76.805283055756,0.5588668,Mandya
2,12.392663586306652,76.8053728872844,0.57580096,Mandya
3,12.392663586306652,76.80546271881282,0.58780164,Mandya
4,12.392663586306652,76.80555255034123,0.57447535,Mandya
5,12.392663586306652,76.80564238186965,0.57549703,Mandya
6,12.392663586306652,76.80573221339806,0.5731565,Mandya
7,12.392663586306652,76.80582204492647,0.5763586,Mandya
8,12.392663586306652,76.80591187645489,0.5613331,Mandya
9,12.392663586306652,76.8060017079833,0.584029,Mandya
10,12.392663586306652,76.8060915395117,0.5468255,Mandya
11,12.392663586306652,76.80618137104011,0.5468255,Mandya
12,12.392663586306652,76.80627120256852,0.559096,Mandya
13,12.392663586306652,76.80636103409694,0.57056147,Mandya
14,12.392663586306652,76.80645086562535,0.5602431,Mandya
15,12.392663586306652,76.80654069715376,0.6009118,Mandya
16,12.392663586306652,76.80663052868218,0.6300578,Mandya
17,12.392663586306652,76.80672036021059,0.6101034,Mandya
18,12.392663586306652,76.806810191739,0.5125737,Mandya
19,12.392663586306652,76.80690002326742,0.49431643,Mandya
20,12.392663586306652,76.80698985479583,0.5072091,Mandya
21,12.392663586306652,76.80707968632423,0.49825582,Mandya
22,12.392663586306652,76.80716951785264,0.44825613,Mandya
23,12.392663586306652,76.80725934938106,0.4476309,Mandya
24,12.392663586306652,76.80734918090947,0.44512194,Mandya
25,12.392753417835063,76.80519322422758,0.5819342,Mandya
26,12.392753417835063,76.805283055756,0.58583105,Mandya
27,12.392753417835063,76.8053728872844,0.57602143,Mandya
28,12.392753417835063,76.80546271881282,0.56914455,Mandya
29,12.392753417835063,76.80555255034123,0.55380934,Mandya
30,12.392753417835063,76.80564238186965,0.58759373,Mandya
31,12.392753417835063,76.80573221339806,0.56819814,Mandya
32,12.392753417835063,76.80582204492647,0.5583609,Mandya
33,12.392753417835063,76.80591187645489,0.59470105,Mandya
34,12.392753417835063,76.8060017079833,0.57627994,Mandya
35,12.392753417835063,76.8060915395117,0.57627994,Mandya
36,12.392753417835063,76.80618137104011,0.5734961,Mandya
37,12.392753417835063,76.80627120256852,0.5827755,Mandya
38,12.392753417835063,76.80636103409694,0.58242613,Mandya
39,12.392753417835063,76.80645086562535,0.5839653,Mandya
40,12.392753417835063,76.80654069715376,0.56693214,Mandya
41,12.392753417835063,76.80663052868218,0.6286885,Mandya
42,12.392753417835063,76.80672036021059,0.6637998,Mandya
43,12.392753417835063,76.806810191739,0.62015504,Mandya
44,12.392753417835063,76.80690002326742,0.555788,Mandya
45,12.392753417835063,76.80698985479583,0.58082193,Mandya
46,12.392753417835063,76.80707968632423,0.5523171,Mandya
47,12.392753417835063,76.80716951785264,0.48043108,Mandya
48,12.392753417835063,76.80725934938106,0.46124375,Mandya
49,12.392753417835063,76.80734918090947,0.42781612,Mandya
50,12.392843249363477,76.80519322422758,0.5268888,Mandya
51,12.392843249363477,76.805283055756,0.60514206,Mandya
52,12.392843249363477,76.8053728872844,0.62899154,Mandya
53,12.392843249363477,76.80546271881282,0.6180514,Mandya
54,12.392843249363477,76.80555255034123,0.52449965,Mandya
55,12.392843249363477,76.80564238186965,0.545892,Mandya
56,12.392843249363477,76.80573221339806,0.57938427,Mandya
57,12.392843249363477,76.80582204492647,0.6050306,Mandya
58,12.392843249363477,76.80591187645489,0.5998641,Mandya
59,12.392843249363477,76.8060017079833,0.55083245,Mandya
60,12.392843249363477,76.8060915395117,0.55083245,Mandya
61,12.392843249363477,76.80618137104011,0.55926126,Mandya
62,12.392843249363477,76.80627120256852,0.5583585,Mandya
63,12.392843249363477,76.80636103409694,0.5903323,Mandya
64,12.392843249363477,76.80645086562535,0.60125345,Mandya
65,12.392843249363477,76.80654069715376,0.5502301,Mandya
66,12.392843249363477,76.80663052868218,0.5499182,Mandya
67,12.392843249363477,76.80672036021059,0.6088061,Mandya
68,12.392843249363477,76.806810191739,0.6277405,Mandya
69,12.392843249363477,76.80690002326742,0.64875436,Mandya
70,12.392843249363477,76.80698985479583,0.6026273,Mandya
71,12.392843249363477,76.80707968632423,0.60604364,Mandya
72,12.392843249363477,76.80716951785264,0.574776,Mandya
73,12.392843249363477,76.80725934938106,0.5342908,Mandya
74,12.392843249363477,76.80734918090947,0.4696216,Mandya
75,12.392933080891888,76.80519322422758,0.5062143,Mandya
76,12.392933080891888,76.805283055756,0.56717646,Mandya
77,12.392933080891888,76.8053728872844,0.66459274,Mandya
78,12.392933080891888,76.80546271881282,0.6325319,Mandya
79,12.392933080891888,76.80555255034123,0.5549205,Mandya
80,12.392933080891888,76.80564238186965,0.5605979,Mandya
81,12.392933080891888,76.80573221339806,0.5807739,Mandya
82,12.392933080891888,76.80582204492647,0.5853575,Mandya
83,12.392933080891888,76.80591187645489,0.5854351,Mandya
84,12.392933080891888,76.8060017079833,0.56711006,Mandya
85,12.392933080891888,76.8060915395117,0.56711006,Mandya
86,12.392933080891888,76.80618137104011,0.57172775,Mandya
87,12.392933080891888,76.80627120256852,0.5598751,Mandya
88,12.392933080891888,76.80636103409694,0.5703096,Mandya
89,12.392933080891888,76.80645086562535,0.58246654,Mandya
90,12.392933080891888,76.80654069715376,0.5708922,Mandya
91,12.392933080891888,76.80663052868218,0.57169956,Mandya
92,12.392933080891888,76.80672036021059,0.564,Mandya
93,12.392933080891888,76.806810191739,0.61835563,Mandya
94,12.392933080891888,76.80690002326742,0.65446043,Mandya
95,12.392933080891888,76.80698985479583,0.6264274,Mandya
96,12.392933080891888,76.80707968632423,0.58141536,Mandya
97,12.392933080891888,76.80716951785264,0.5756529,Mandya
98,12.392933080891888,76.80725934938106,0.57796377,Mandya
99,12.392933080891888,76.80734918090947,0.53736776,Mandya
100,12.3930229124203,76.80519322422758,0.52317196,Mandya
101,12.3930229124203,76.805283055756,0.5337219,Mandya
102,12.3930229124203,76.8053728872844,0.65852237,Mandya
103,12.3930229124203,76.80546271881282,0.6135802,Mandya
104,12.3930229124203,76.80555255034123,0.58573484,Mandya
105,12.3930229124203,76.80564238186965,0.5850652,Mandya
106,12.3930229124203,76.80573221339806,0.57892877,Mandya
107,12.3930229124203,76.80582204492647,0.5713311,Mandya
108,12.3930229124203,76.80591187645489,0.5641233,Mandya
109,12.3930229124203,76.8060017079833,0.57196325,Mandya
110,12.3930229124203,76.8060915395117,0.57196325,Mandya
111,12.3930229124203,76.80618137104011,0.5708614,Mandya
112,12.3930229124203,76.80627120256852,0.5680655,Mandya
113,12.3930229124203,76.80636103409694,0.5845311,Mandya
114,12.3930229124203,76.80645086562535,0.5856971,Mandya
115,12.3930229124203,76.80654069715376,0.57380456,Mandya
116,12.3930229124203,76.80663052868218,0.5487475,Mandya
117,12.3930229124203,76.80672036021059,0.5455708,Mandya
118,12.3930229124203,76.806810191739,0.6675931,Mandya
119,12.3930229124203,76.80690002326742,0.70118135,Mandya
120,12.3930229124203,76.80698985479583,0.67789733,Mandya
121,12.3930229124203,76.80707968632423,0.6059646,Mandya
122,12.3930229124203,76.80716951785264,0.58312476,Mandya
123,12.3930229124203,76.80725934938106,0.5948474,Mandya
124,12.3930229124203,76.80734918090947,0.60040987,Mandya
125,12.393112743948713,76.80519322422758,0.51995903,Mandya
126,12.393112743948713,76.805283055756,0.4973751,Mandya
127,12.393112743948713,76.8053728872844,0.5631622,Mandya
128,12.393112743948713,76.80546271881282,0.57729673,Mandya
129,12.393112743948713,76.80555255034123,0.5943227,Mandya
130,12.393112743948713,76.80564238186965,0.59287435,Mandya
131,12.393112743948713,76.80573221339806,0.60296714,Mandya
132,12.393112743948713,76.80582204492647,0.6015338,Mandya
133,12.393112743948713,76.80591187645489,0.576342,Mandya
134,12.393112743948713,76.8060017079833,0.576342,Mandya
135,12.393112743948713,76.8060915395117,0.5884858,Mandya
136,12.393112743948713,76.80618137104011,0.5843889,Mandya
137,12.393112743948713,76.80627120256852,0.5790372,Mandya
138,12.393112743948713,76.80636103409694,0.59906447,Mandya
139,12.393112743948713,76.80645086562535,0.5894173,Mandya
140,12.393112743948713,76.80654069715376,0.5808055,Mandya
141,12.393112743948713,76.80663052868218,0.54860413,Mandya
142,12.393112743948713,76.80672036021059,0.5466821,Mandya
143,12.393112743948713,76.806810191739,0.6247097,Mandya
144,12.393112743948713,76.80690002326742,0.65702814,Mandya
145,12.393112743948713,76.80698985479583,0.6724842,Mandya
146,12.393112743948713,76.80707968632423,0.6325366,Mandya
147,12.393112743948713,76.80716951785264,0.60736823,Mandya
148,12.393112743948713,76.80725934938106,0.6058419,Mandya
149,12.393112743948713,76.80734918090947,0.608343,Mandya
150,12.393202575477124,76.80519322422758,0.4854369,Mandya
151,12.393202575477124,76.805283055756,0.5250348,Mandya
152,12.393202575477124,76.8053728872844,0.53576994,Mandya
153,12.393202575477124,76.80546271881282,0.5737647,Mandya
154,12.393202575477124,76.80555255034123,0.59717184,Mandya
155,12.393202575477124,76.80564238186965,0.6029144,Mandya
156,12.393202575477124,76.80573221339806,0.61166936,Mandya
157,12.393202575477124,76.80582204492647,0.621809,Mandya
158,12.393202575477124,76.80591187645489,0.6086956,Mandya
159,12.393202575477124,76.8060017079833,0.6086956,Mandya
160,12.393202575477124,76.8060915395117,0.59879637,Mandya
161,12.393202575477124,76.80618137104011,0.5723629,Mandya
162,12.393202575477124,76.80627120256852,0.5696708,Mandya
163,12.393202575477124,76.80636103409694,0.5715907,Mandya
164,12.393202575477124,76.80645086562535,0.58106357,Mandya
165,12.393202575477124,76.80654069715376,0.58577543,Mandya
166,12.393202575477124,76.80663052868218,0.5874556,Mandya
167,12.393202575477124,76.80672036021059,0.59510916,Mandya
168,12.393202575477124,76.806810191739,0.5793234,Mandya
169,12.393202575477124,76.80690002326742,0.627342,Mandya
170,12.393202575477124,76.80698985479583,0.6754028,Mandya
171,12.393202575477124,76.80707968632423,0.6931252,Mandya
172,12.393202575477124,76.80716951785264,0.6612851,Mandya
173,12.393202575477124,76.80725934938106,0.61090136,Mandya
174,12.393202575477124,76.80734918090947,0.6014674,Mandya
175,12.393292407005536,76.80519322422758,0.49947935,Mandya
176,12.393292407005536,76.805283055756,0.5294941,Mandya
177,12.393292407005536,76.8053728872844,0.56399435,Mandya
178,12.393292407005536,76.80546271881282,0.57041615,Mandya
179,12.393292407005536,76.80555255034123,0.59552187,Mandya
180,12.393292407005536,76.80564238186965,0.6093234,Mandya
181,12.393292407005536,76.80573221339806,0.6296863,Mandya
182,12.393292407005536,76.80582204492647,0.6120551,Mandya
183,12.393292407005536,76.80591187645489,0.6055777,Mandya
184,12.393292407005536,76.8060017079833,0.6055777,Mandya
185,12.393292407005536,76.8060915395117,0.6048177,Mandya
186,12.393292407005536,76.80618137104011,0.586108,Mandya
187,12.393292407005536,76.80627120256852,0.58117193,Mandya
188,12.393292407005536,76.80636103409694,0.5721723,Mandya
189,12.393292407005536,76.80645086562535,0.58933496,Mandya
190,12.393292407005536,76.80654069715376,0.5965812,Mandya
191,12.393292407005536,76.80663052868218,0.624769,Mandya
192,12.393292407005536,76.80672036021059,0.6449668,Mandya
193,12.393292407005536,76.806810191739,0.6398819,Mandya
194,12.393292407005536,76.80690002326742,0.64903843,Mandya
195,12.393292407005536,76.80698985479583,0.69656104,Mandya
196,12.393292407005536,76.80707968632423,0.7549033,Mandya
197,12.393292407005536,76.80716951785264,0.73600113,Mandya
198,12.393292407005536,76.80725934938106,0.6528214,Mandya
199,12.393292407005536,76.80734918090947,0.61623615,Mandya
200,12.393382238533947,76.80519322422758,0.56786704,Mandya
201,12.393382238533947,76.805283055756,0.53501403,Mandya
202,12.393382238533947,76.8053728872844,0.57495004,Mandya
203,12.393382238533947,76.80546271881282,0.5922598,Mandya
204,12.393382238533947,76.80555255034123,0.6057609,Mandya
205,12.393382238533947,76.80564238186965,0.62588537,Mandya
206,12.393382238533947,76.80573221339806,0.6434157,Mandya
207,12.393382238533947,76.80582204492647,0.61153907,Mandya
208,12.393382238533947,76.80591187645489,0.61153907,Mandya
209,12.393382238533947,76.8060017079833,0.6066273,Mandya
210,12.393382238533947,76.8060915395117,0.6148627,Mandya
211,12.393382238533947,76.80618137104011,0.59199,Mandya
212,12.393382238533947,76.80627120256852,0.5925044,Mandya
213,12.393382238533947,76.80636103409694,0.5801539,Mandya
214,12.393382238533947,76.80645086562535,0.5826491,Mandya
215,12.393382238533947,76.80654069715376,0.6015985,Mandya
216,12.393382238533947,76.80663052868218,0.63159484,Mandya
217,12.393382238533947,76.80672036021059,0.6508224,Mandya
218,12.393382238533947,76.806810191739,0.6506936,Mandya
219,12.393382238533947,76.80690002326742,0.6757458,Mandya
220,12.393382238533947,76.80698985479583,0.7214043,Mandya
221,12.393382238533947,76.80707968632423,0.756211,Mandya
222,12.393382238533947,76.80716951785264,0.70649105,Mandya
223,12.393382238533947,76.80725934938106,0.68201303,Mandya
224,12.393382238533947,76.80734918090947,0.64207554,Mandya
225,12.39347207006236,76.80519322422758,0.65783995,Mandya
226,12.39347207006236,76.805283055756,0.62918204,Mandya
227,12.39347207006236,76.8053728872844,0.6395644,Mandya
228,12.39347207006236,76.80546271881282,0.6594137,Mandya
229,12.39347207006236,76.80555255034123,0.6654622,Mandya
230,12.39347207006236,76.80564238186965,0.65774435,Mandya
231,12.39347207006236,76.80573221339806,0.6568957,Mandya
232,12.39347207006236,76.80582204492647,0.65592104,Mandya
233,12.39347207006236,76.80591187645489,0.65592104,Mandya
234,12.39347207006236,76.8060017079833,0.6424617,Mandya
235,12.39347207006236,76.8060915395117,0.6574225,Mandya
236,12.39347207006236,76.80618137104011,0.6592545,Mandya
237,12.39347207006236,76.80627120256852,0.6466476,Mandya
238,12.39347207006236,76.80636103409694,0.6547825,Mandya
239,12.39347207006236,76.80645086562535,0.6802772,Mandya
240,12.39347207006236,76.80654069715376,0.68283296,Mandya
241,12.39347207006236,76.80663052868218,0.66744006,Mandya
242,12.39347207006236,76.80672036021059,0.6721785,Mandya
243,12.39347207006236,76.806810191739,0.6600426,Mandya
244,12.39347207006236,76.80690002326742,0.66641957,Mandya
245,12.39347207006236,76.80698985479583,0.6689601,Mandya
246,12.39347207006236,76.80707968632423,0.69784707,Mandya
247,12.39347207006236,76.80716951785264,0.65876603,Mandya
248,12.39347207006236,76.80725934938106,0.6174314,Mandya
249,12.39347207006236,76.80734918090947,0.6474631,Mandya
250,12.393561901590772,76.80519322422758,0.6281595,Mandya
251,12.393561901590772,76.805283055756,0.61633533,Mandya
252,12.393561901590772,76.8053728872844,0.6236559,Mandya
253,12.393561901590772,76.80546271881282,0.65534866,Mandya
254,12.393561901590772,76.80555255034123,0.65987813,Mandya
255,12.393561901590772,76.80564238186965,0.6280064,Mandya
256,12.393561901590772,76.80573221339806,0.6237471,Mandya
257,12.393561901590772,76.80582204492647,0.6917141,Mandya
258,12.393561901590772,76.80591187645489,0.6917141,Mandya
259,12.393561901590772,76.8060017079833,0.67556155,Mandya
260,12.393561901590772,76.8060915395117,0.68182695,Mandya
261,12.393561901590772,76.80618137104011,0.69783634,Mandya
262,12.393561901590772,76.80627120256852,0.67386734,Mandya
263,12.393561901590772,76.80636103409694,0.6936836,Mandya
264,12.393561901590772,76.80645086562535,0.7151505,Mandya
265,12.393561901590772,76.80654069715376,0.7264928,Mandya
266,12.393561901590772,76.80663052868218,0.69181496,Mandya
267,12.393561901590772,76.80672036021059,0.6346912,Mandya
268,12.393561901590772,76.806810191739,0.5832478,Mandya
269,12.393561901590772,76.80690002326742,0.5958216,Mandya
270,12.393561901590772,76.80698985479583,0.54420185,Mandya
271,12.393561901590772,76.80707968632423,0.5548504,Mandya
272,12.393561901590772,76.80716951785264,0.58965874,Mandya
273,12.393561901590772,76.80725934938106,0.6141749,Mandya
274,12.393561901590772,76.80734918090947,0.61928934,Mandya
275,12.393651733119183,76.80519322422758,0.55144036,Mandya
276,12.393651733119183,76.805283055756,0.50475013,Mandya
277,12.393651733119183,76.8053728872844,0.49088675,Mandya
278,12.393651733119183,76.80546271881282,0.5434559,Mandya
279,12.393651733119183,76.80555255034123,0.5829288,Mandya
280,12.393651733119183,76.80564238186965,0.5519333,Mandya
281,12.393651733119183,76.80573221339806,0.535313,Mandya
282,12.393651733119183,76.80582204492647,0.57471263,Mandya
283,12.393651733119183,76.80591187645489,0.57471263,Mandya
284,12.393651733119183,76.8060017079833,0.5996545,Mandya
285,12.393651733119183,76.8060915395117,0.6068449,Mandya
286,12.393651733119183,76.80618137104011,0.6151188,Mandya
287,12.393651733119183,76.80627120256852,0.6326161,Mandya
288,12.393651733119183,76.80636103409694,0.6332244,Mandya
289,12.393651733119183,76.80645086562535,0.65433174,Mandya
290,12.393651733119183,76.80654069715376,0.64735097,Mandya
291,12.393651733119183,76.80663052868218,0.6273779,Mandya
292,12.393651733119183,76.80672036021059,0.56872916,Mandya
293,12.393651733119183,76.806810191739,0.5420596,Mandya
294,12.393651733119183,76.80690002326742,0.5412635,Mandya
295,12.393651733119183,76.80698985479583,0.5343649,Mandya
296,12.393651733119183,76.80707968632423,0.5131114,Mandya
297,12.393651733119183,76.80716951785264,0.5207303,Mandya
298,12.393651733119183,76.80725934938106,0.53367,Mandya
299,12.393651733119183,76.80734918090947,0.55464184,Mandya
300,12.393741564647597,76.80519322422758,0.50322336,Mandya
301,12.393741564647597,76.805283055756,0.4918344,Mandya
302,12.393741564647597,76.8053728872844,0.48567146,Mandya
303,12.393741564647597,76.80546271881282,0.47838935,Mandya
304,12.393741564647597,76.80555255034123,0.501548,Mandya
305,12.393741564647597,76.80564238186965,0.50241727,Mandya
306,12.393741564647597,76.80573221339806,0.49490374,Mandya
307,12.393741564647597,76.80582204492647,0.49490374,Mandya
308,12.393741564647597,76.80591187645489,0.47201946,Mandya
309,12.393741564647597,76.8060017079833,0.47276506,Mandya
310,12.393741564647597,76.8060915395117,0.49979398,Mandya
311,12.393741564647597,76.80618137104011,0.5307576,Mandya
312,12.393741564647597,76.80627120256852,0.60727125,Mandya
313,12.393741564647597,76.80636103409694,0.65026057,Mandya
314,12.393741564647597,76.80645086562535,0.64045376,Mandya
315,12.393741564647597,76.80654069715376,0.5850816,Mandya
316,12.393741564647597,76.80663052868218,0.5291262,Mandya
317,12.393741564647597,76.80672036021059,0.5133486,Mandya
318,12.393741564647597,76.806810191739,0.5261649,Mandya
319,12.393741564647597,76.80690002326742,0.54633033,Mandya
320,12.393741564647597,76.80698985479583,0.55253315,Mandya
321,12.393741564647597,76.80707968632423,0.514981,Mandya
322,12.393741564647597,76.80716951785264,0.5165877,Mandya
323,12.393741564647597,76.80725934938106,0.5127969,Mandya
324,12.393741564647597,76.80734918090947,0.50620484,Mandya
325,12.393831396176008,76.80519322422758,0.50101197,Mandya
326,12.393831396176008,76.805283055756,0.49296817,Mandya
327,12.393831396176008,76.8053728872844,0.46059933,Mandya
328,12.393831396176008,76.80546271881282,0.47326007,Mandya
329,12.393831396176008,76.80555255034123,0.47760922,Mandya
330,12.393831396176008,76.80564238186965,0.47453278,Mandya
331,12.393831396176008,76.80573221339806,0.48880947,Mandya
332,12.393831396176008,76.80582204492647,0.48880947,Mandya
333,12.393831396176008,76.80591187645489,0.46301472,Mandya
334,12.393831396176008,76.8060017079833,0.46826887,Mandya
335,12.393831396176008,76.8060915395117,0.4717682,Mandya
336,12.393831396176008,76.80618137104011,0.4982632,Mandya
337,12.393831396176008,76.80627120256852,0.6172732,Mandya
338,12.393831396176008,76.80636103409694,0.684984,Mandya
339,12.393831396176008,76.80645086562535,0.6696014,Mandya
340,12.393831396176008,76.80654069715376,0.54918957,Mandya
341,12.393831396176008,76.80663052868218,0.500565,Mandya
342,12.393831396176008,76.80672036021059,0.518591,Mandya
343,12.393831396176008,76.806810191739,0.5783339,Mandya
344,12.393831396176008,76.80690002326742,0.63978076,Mandya
345,12.393831396176008,76.80698985479583,0.5576698,Mandya
346,12.393831396176008,76.80707968632423,0.49258816,Mandya
347,12.393831396176008,76.80716951785264,0.50816256,Mandya
348,12.393831396176008,76.80725934938106,0.5259366,Mandya
349,12.393831396176008,76.80734918090947,0.51837903,Mandya
